,feature indicator,feature importance,predicted indicator
5690,wdi2-SL.TLF.CACT.ZS,0.0201926139876386,ndgain-id_food_01-score
5691,wdi2-SE.PRM.OENR.ZS,0.0264374226522877,ndgain-id_food_01-score
5692,wdi2-SL.EMP.1524.SP.FE.ZS,0.0305463670755556,ndgain-id_food_01-score
5693,itu-hiar,0.0362738022213465,ndgain-id_food_01-score
5694,wdi2-SE.SEC.TCAQ.UP.FE.ZS,0.0425981490049274,ndgain-id_food_01-score
5695,wdi2-TM.VAL.MMTL.ZS.UN,0.2315871867863295,ndgain-id_food_01-score
5696,wdi2-SH.PRG.ANEM,0.0752959371056708,ndgain-id_food_01-score
5697,wdi2-SE.ADT.LITR.ZS,0.0357050968393747,ndgain-id_food_01-score
5698,wdi-BM.TRF.PWKR.CD.DT,0.4423518203738256,ndgain-id_food_01-score
5699,wdi2-SM.POP.REFG,0.0590116039530431,ndgain-id_food_01-score
5700,hdr-23806,0.0028791837177299,ndgain-id_food_04-raw
5701,key-mvi-ldc-HAI,0.0029264947553557,ndgain-id_food_04-raw
5702,epi-H2O,0.0053550354659979,ndgain-id_food_04-raw
5703,ihme-idiopathic-epilepsy,0.0042251059734704,ndgain-id_food_04-raw
5704,wdi2-SE.SEC.TCAQ.MA.ZS,0.0016911192003254,ndgain-id_food_04-raw
5705,wdi-IT.MLT.MAIN,0.0168680952400719,ndgain-id_food_04-raw
5706,ndgain-id_habi_03-score,0.9582295456710898,ndgain-id_food_04-raw
5707,ndgain-id_ecos_01-score,0.0015019844886635,ndgain-id_food_04-raw
5708,ndgain-id_food_03-raw,0.0021672454215138,ndgain-id_food_04-raw
5709,wdi2-NE.RSB.GNFS.ZS,0.0041561900657812,ndgain-id_food_04-raw
5710,ohi-fis-resilience,0.0920994900061609,ndgain-id_food_04-score
5711,ghi-nourish,0.0807801046525884,ndgain-id_food_04-score
5712,wdi2-NE.GDI.FTOT.KD,0.161708358218287,ndgain-id_food_04-score
5713,epi-HAD,0.1167801567451517,ndgain-id_food_04-score
5714,ihme-leprosy,0.1271781286702223,ndgain-id_food_04-score
5715,wdi2-SE.SEC.ENRL.GC,0.0743459498711197,ndgain-id_food_04-score
5716,wdi-IC.CRD.PRVT.ZS,0.0884267043791291,ndgain-id_food_04-score
5717,blasiak-index-45-16,0.0823639649964037,ndgain-id_food_04-score
5718,ndgain-id_wate_03-score,0.1368166531415444,ndgain-id_food_04-score
5719,paris-155,0.0395004893193924,ndgain-id_food_04-score
5720,wdi-EN.ATM.NOXE.ZG,0.2386477649181116,ndgain-id_heal_01-score
5721,wdi2-SE.PRM.UNER.MA.ZS,0.0211360890308518,ndgain-id_heal_01-score
5722,wdi2-SI.RMT.COST.OB.ZS,0.0439752592648012,ndgain-id_heal_01-score
5723,wdi2-SG.LAW.INDX,0.0620942152545942,ndgain-id_heal_01-score
5724,ohi-tr-pressures,0.1096285000885545,ndgain-id_heal_01-score
5725,wdi2-NY.ADJ.NNTY.CD,0.0818100081604384,ndgain-id_heal_01-score
5726,irena-rh-gen-off,0.0470937399455582,ndgain-id_heal_01-score
5727,wdi-IQ.SPI.PIL5,0.0730479034650547,ndgain-id_heal_01-score
5728,wdi2-NE.DAB.TOTL.ZS,0.1826069528055539,ndgain-id_heal_01-score
5729,ihme-urticaria,0.1399595670664812,ndgain-id_heal_01-score
5730,wdi-GC.TAX.EXPT.ZS,0.0644656837116999,ndgain-id_heal_02-score
5731,ihme-hemoglobinopathies-and-hemolytic-anemias,0.129082301064087,ndgain-id_heal_02-score
5732,wdi-DT.NFL.UNFP.CD,0.1207894943433294,ndgain-id_heal_02-score
5733,wdi2-SH.XPD.CHEX.PC.CD,0.0434987829775391,ndgain-id_heal_02-score
5734,wdi2-SH.HIV.INCD.ZS,0.3573889118976563,ndgain-id_heal_02-score
5735,wdi-BM.TRF.PWKR.CD.DT,0.0326419440424999,ndgain-id_heal_02-score
5736,igrac-twap_sids_hydrogeological_arealrecharge,0.0440122081518463,ndgain-id_heal_02-score
5737,paris-96,0.0174572477942416,ndgain-id_heal_02-score
5738,ohi-fp-status,0.1141290549879626,ndgain-id_heal_02-score
5739,wdi-ER.FSH.CAPT.MT,0.0765343710291376,ndgain-id_heal_02-score
5740,ihme-malaria,0.0063666281817548,ndgain-id_heal_03-score
5741,wdi2-SP.DYN.TFRT.IN,0.1978609060780349,ndgain-id_heal_03-score
5742,epi-SPI,0.015784900689764,ndgain-id_heal_03-score
5743,ihme-fungal-skin-diseases,0.0226652774862875,ndgain-id_heal_03-score
5744,wdi2-NY.GNP.PCAP.PP.KD,0.0331682413019447,ndgain-id_heal_03-score
5745,ihme-inflammatory-bowel-disease,0.003537062623796,ndgain-id_heal_03-score
5746,ihme-asthma,0.0314704230005684,ndgain-id_heal_03-score
5747,ndgain-id_heal_03-raw,0.6459326740669429,ndgain-id_heal_03-score
5748,wdi2-SP.POP.65UP.TO.ZS,0.040390411079879,ndgain-id_heal_03-score
5749,wdi-LP.LPI.ITRN.XQ,0.0028234754910274,ndgain-id_heal_03-score
5750,wdi2-NY.GDP.DEFL.ZS.AD,0.0617084878888153,ndgain-id_heal_05-score
5751,wdi2-SL.TLF.TOTL.IN,0.1296334907186921,ndgain-id_heal_05-score
5752,wdi-DT.DOD.MIDA.CD,0.0723161029968924,ndgain-id_heal_05-score
5753,wdi2-SH.STA.STNT.ME.ZS,0.1695878445614075,ndgain-id_heal_05-score
5754,paris-152,0.0831461847637705,ndgain-id_heal_05-score
5755,wdi2-SH.H2O.SMDW.UR.ZS,0.0828258785840126,ndgain-id_heal_05-score
5756,wdi2-SL.UEM.BASC.ZS,0.0533623608994186,ndgain-id_heal_05-score
5757,wdi-DC.DAC.NZLL.CD,0.1136685770202098,ndgain-id_heal_05-score
5758,ihme-acute-hepatitis,0.1056116645216661,ndgain-id_heal_05-score
5759,wdi2-SG.GEN.PARL.ZS,0.1281394080451149,ndgain-id_heal_05-score
5760,key-wdi2-SL.TLF.ACTI.ZS,0.0664004608902999,ndgain-id_ecos_02-score
5761,wdi-IC.BUS.DFRN.XQ,0.0087505694079685,ndgain-id_ecos_02-score
5762,wdi2-NV.AGR.EMPL.KD,0.0121458282628133,ndgain-id_ecos_02-score
5763,wdi2-SH.SGR.CRSK.ZS,0.0092392944528107,ndgain-id_ecos_02-score
5764,wdi2-ST.INT.TVLR.CD,0.0099967703102814,ndgain-id_ecos_02-score
5765,wdi-EG.EGY.PRIM.PP.KD,0.0051083091836343,ndgain-id_ecos_02-score
5766,ndgain-id_ecos_02-raw,0.8764027410636572,ndgain-id_ecos_02-score
5767,wdi2-VC.IHR.PSRC.MA.P5,0.0070348343502791,ndgain-id_ecos_02-score
5768,ohi-fp-trend,0.0009856512687273,ndgain-id_ecos_02-score
5769,wdi-BX.KLT.DINV.CD.WD,0.0039355408095278,ndgain-id_ecos_02-score
5770,wdi2-SP.UWT.TFRT,0.0597199435880173,ndgain-id_ecos_06-score
5771,wdi2-NV.IND.TOTL.ZS,0.0582386208397426,ndgain-id_ecos_06-score
5772,wdi-AG.LND.AGRI.ZS,0.1630519894374625,ndgain-id_ecos_06-score
5773,wdi2-TX.VAL.MRCH.HI.ZS,0.1350987648526972,ndgain-id_ecos_06-score
5774,wdi2-SH.DYN.NCOM.ZS,0.1162291225329572,ndgain-id_ecos_06-score
5775,hdr-46006,0.0475758024159233,ndgain-id_ecos_06-score
5776,wdi-IC.BUS.DFRN.XQ,0.0894787681380281,ndgain-id_ecos_06-score
5777,ohi-hab-score,0.091467579460086,ndgain-id_ecos_06-score
5778,ohi-np-status,0.0398496869412798,ndgain-id_ecos_06-score
5779,wdi-GC.REV.GOTR.ZS,0.1992897217938057,ndgain-id_ecos_06-score
5780,ohi-mar-status,0.1632610361117686,ndgain-id_habi_01-score
5781,wdi2-SE.PRE.TCAQ.MA.ZS,0.0705997297801277,ndgain-id_habi_01-score
5782,wdi2-NE.GDI.STKB.CD,0.034269490879952,ndgain-id_habi_01-score
5783,wdi-LP.LPI.CUST.XQ,0.0719005544132509,ndgain-id_habi_01-score
5784,wdi2-NV.AGR.TOTL.CD,0.0864733996410476,ndgain-id_habi_01-score
5785,wdi2-NY.GNP.ATLS.CD,0.0958083630101466,ndgain-id_habi_01-score
5786,mvi-wdi2-ST.INT.RCPT.XP.ZS,0.1104727226649309,ndgain-id_habi_01-score
5787,wdi2-NY.GDP.FCST.KN,0.1209607866163518,ndgain-id_habi_01-score
5788,wdi-BN.FIN.TOTL.CD,0.0710085514667065,ndgain-id_habi_01-score
5789,wdi2-SL.IND.EMPL.FE.ZS,0.175245365415717,ndgain-id_habi_01-score
5790,ihme-pancreatic-cancer,0.1960292000362237,ndgain-id_habi_02-score
5791,wdi-BX.GSR.INSF.ZS,0.0921210578810111,ndgain-id_habi_02-score
5792,unicef-cm19,0.090300828613811,ndgain-id_habi_02-score
5793,ihme-depressive-disorders,0.103811509761435,ndgain-id_habi_02-score
5794,wdi-BM.GSR.TRAN.ZS,0.0176899217464532,ndgain-id_habi_02-score
5795,wdi2-SL.EMP.MPYR.MA.ZS,0.0609214077299281,ndgain-id_habi_02-score
5796,wdi2-SP.DYN.IMRT.MA.IN,0.0558559757399113,ndgain-id_habi_02-score
5797,ldc-REM-Value,0.2384654192015541,ndgain-id_habi_02-score
5798,wdi2-SI.DST.50MD,0.0954039281884121,ndgain-id_habi_02-score
5799,wdi2-SH.STA.STNT.ME.ZS,0.04940075110126,ndgain-id_habi_02-score
5800,ihme-environmental-heat-and-cold-exposure,0.0856914704386678,ndgain-id_habi_03-raw
5801,wdi-BM.GSR.GNFS.CD,0.1425570699117681,ndgain-id_habi_03-raw
5802,ndgain-id_ecos_01-score,0.1099045725953556,ndgain-id_habi_03-raw
5803,wdi2-TX.VAL.ICTG.ZS.UN,0.0482667282029733,ndgain-id_habi_03-raw
5804,wdi2-SE.PRE.ENRR,0.0568346418379449,ndgain-id_habi_03-raw
5805,wdi-GC.TAX.OTHR.RV.ZS,0.0803725838013927,ndgain-id_habi_03-raw
5806,wdi-EG.FEC.RNEW.ZS,0.1130222168192504,ndgain-id_habi_03-raw
5807,wdi2-NY.TRF.NCTR.CD,0.0855789586867877,ndgain-id_habi_03-raw
5808,epi-EPI,0.1816671119175078,ndgain-id_habi_03-raw
5809,wdi-IC.EXP.CSBC.CD,0.0961046457883513,ndgain-id_habi_03-raw
5810,ndgain-nd-vulnerability,0.1357247801319529,ndgain-id_habi_03-score
5811,wdi2-SH.MMR.RISK.ZS,0.068864929124862,ndgain-id_habi_03-score
5812,epi-UWD,0.0929287404091253,ndgain-id_habi_03-score
5813,wdi2-NY.GDP.MKTP.PP.KD,0.2138904205897754,ndgain-id_habi_03-score
5814,wdi2-SE.SEC.TCHR.FE,0.087605468013836,ndgain-id_habi_03-score
5815,wdi2-NV.AGR.EMPL.KD,0.0540348284539914,ndgain-id_habi_03-score
5816,hdr-24206,0.0852750883233867,ndgain-id_habi_03-score
5817,epi-TBG,0.1063003098931774,ndgain-id_habi_03-score
5818,wdi2-SE.SEC.CUAT.LO.FE.ZS,0.0288599855175768,ndgain-id_habi_03-score
5819,wdi2-SE.PRM.NINT.MA.ZS,0.1265154495423158,ndgain-id_habi_03-score
5820,key-wdi-EG.ELC.ACCS.ZS,0.0764306439563012,ndgain-id_infr_02-score
5821,wdi2-TM.TAX.MRCH.WM.FN.ZS,0.0261389020503738,ndgain-id_infr_02-score
5822,wdi2-NV.IND.TOTL.ZS,0.1336836405719106,ndgain-id_infr_02-score
5823,hdr-137506,0.0690590329626284,ndgain-id_infr_02-score
5824,wdi2-SP.POP.DPND,0.1333893504991906,ndgain-id_infr_02-score
5825,wdi2-PA.NUS.PPP,0.1164841912505972,ndgain-id_infr_02-score
5826,wdi2-SE.SEC.TCHR,0.1542464340778168,ndgain-id_infr_02-score
5827,wdi2-SL.TLF.CACT.FM.NE.ZS,0.0289861086004262,ndgain-id_infr_02-score
5828,ndgain-id_ecos_03-score,0.1065428196570989,ndgain-id_infr_02-score
5829,ndgain-nd-gain,0.1550388763736559,ndgain-id_infr_02-score
5830,wdi2-SP.POP.1564.TO,0.1136724494040802,ndgain-id_infr_04-score
5831,wdi-IQ.CPA.BREG.XQ,0.0383335841754592,ndgain-id_infr_04-score
5832,wdi-AG.LND.EL5M.RU.ZS,0.4200304091247609,ndgain-id_infr_04-score
5833,wdi-DC.DAC.GBRL.CD,0.0304625730008717,ndgain-id_infr_04-score
5834,ndgain-id_heal_02-raw,0.1108653505768378,ndgain-id_infr_04-score
5835,ihme-motor-neuron-disease,0.0984341057019833,ndgain-id_infr_04-score
5836,paris-9,0.0064543826934769,ndgain-id_infr_04-score
5837,wdi-FM.LBL.BMNY.CN,0.0661044319717233,ndgain-id_infr_04-score
5838,wdi-DT.NFL.WHOL.CD,0.0435824343082356,ndgain-id_infr_04-score
5839,hdr-133206,0.0720602790425704,ndgain-id_infr_04-score
5840,wdi-IE.PPI.ICTI.CD,0.0236064527648797,ndgain-id_infr_05-score
5841,wdi-IQ.CPA.PUBS.XQ,0.1389343655773114,ndgain-id_infr_05-score
5842,wdi-DT.NFL.IAEA.CD,0.0132449902927746,ndgain-id_infr_05-score
5843,wdi2-SH.XPD.GHED.PC.CD,0.2326134423572972,ndgain-id_infr_05-score
5844,wdi2-SE.PRM.NINT.ZS,0.0942494557971101,ndgain-id_infr_05-score
5845,wdi2-SP.POP.1014.FE.5Y,0.1478779933090355,ndgain-id_infr_05-score
5846,ihme-gallbladder-and-biliary-tract-cancer,0.1037488344391463,ndgain-id_infr_05-score
5847,wdi2-TX.VAL.MRCH.R5.ZS,0.0594204723588662,ndgain-id_infr_05-score
5848,wdi2-SH.DYN.2024,0.0377604280155048,ndgain-id_infr_05-score
5849,mvi-ldc-AFF-Index,0.1485435650880738,ndgain-id_infr_05-score
5850,ldc-ALR-Value,0.0667260447205328,ndgain-id_soci_02-raw
5851,paris-94,0.0094445524117296,ndgain-id_soci_02-raw
5852,wdi-IT.MLT.MAIN,0.0152519587448882,ndgain-id_soci_02-raw
5853,itu-fbs1,0.477500718734352,ndgain-id_soci_02-raw
5854,hdr-195606,0.077822011249862,ndgain-id_soci_02-raw
5855,wdi-IQ.CPA.ENVR.XQ,0.0353778267931828,ndgain-id_soci_02-raw
5856,wdi2-TM.VAL.MRCH.WL.CD,0.0102034728595518,ndgain-id_soci_02-raw
5857,hdr-123506,0.1556964276231245,ndgain-id_soci_02-raw
5858,wdi2-SH.PRG.ANEM,0.1257699424962126,ndgain-id_soci_02-raw
5859,ohi-spp-resilience,0.0262070443665634,ndgain-id_soci_02-raw
5860,hdr-123506,0.2978093386928165,ndgain-id_soci_02-score
5861,paris-153,0.3780884934023213,ndgain-id_soci_02-score
5862,wdi-IC.IMP.CSBC.CD,0.0576085225838758,ndgain-id_soci_02-score
5863,wdi2-SE.SEC.UNER.LO.FE.ZS,0.0172915764406095,ndgain-id_soci_02-score
5864,hdr-185206,0.0461585352660072,ndgain-id_soci_02-score
5865,wdi2-NY.ADJ.SVNX.GN.ZS,0.0148760010005194,ndgain-id_soci_02-score
5866,paris-1,0.0330260103458987,ndgain-id_soci_02-score
5867,hdr-64406,0.0273096902952343,ndgain-id_soci_02-score
5868,ihme-acute-glomerulonephritis,0.0276226723516139,ndgain-id_soci_02-score
5869,wdi2-SP.POP.3539.FE.5Y,0.1002091596211028,ndgain-id_soci_02-score
5870,wdi2-MS.MIL.XPND.ZS,0.1115629838838293,ndgain-nd-readiness
5871,hdr-195606,0.0516670073275904,ndgain-nd-readiness
5872,hdr-137906,0.0781901592058629,ndgain-nd-readiness
5873,wdi2-ST.INT.ARVL,0.0937909599586405,ndgain-nd-readiness
5874,wdi-IQ.CPA.BREG.XQ,0.0498838124627495,ndgain-nd-readiness
5875,wdi-GC.XPN.INTP.RV.ZS,0.045984940872056,ndgain-nd-readiness
5876,hdr-68606,0.1580058812211637,ndgain-nd-readiness
5877,wdi2-SE.SEC.ENRR.FE,0.043282228218313,ndgain-nd-readiness
5878,wdi-FX.OWN.TOTL.PL.ZS,0.3610068443339442,ndgain-nd-readiness
5879,ihme-onchocerciasis,0.0066251825158501,ndgain-nd-readiness
5880,wdi2-SH.UHC.OOPC.10.ZS,0.0430060232718015,ndgain-nd-vulnerability-exposure
5881,wdi2-SH.DYN.MORT,0.0944416085000666,ndgain-nd-vulnerability-exposure
5882,wdi2-SP.MTR.1519.ZS,0.2080421938034726,ndgain-nd-vulnerability-exposure
5883,wdi2-SL.TLF.BASC.MA.ZS,0.0257221075602447,ndgain-nd-vulnerability-exposure
5884,wdi2-NE.GDI.FPRV.ZS,0.0693391502003803,ndgain-nd-vulnerability-exposure
5885,ihme-zika-virus,0.0179069041955765,ndgain-nd-vulnerability-exposure
5886,wdi2-SH.STA.MALN.FE.ZS,0.1500495516516704,ndgain-nd-vulnerability-exposure
5887,ihme-other-unspecified-infectious-diseases,0.12875940087155,ndgain-nd-vulnerability-exposure
5888,wdi2-SE.SEC.TCAQ.FE.ZS,0.0651393595452386,ndgain-nd-vulnerability-exposure
5889,ihme-inflammatory-bowel-disease,0.1975937003999985,ndgain-nd-vulnerability-exposure
5890,wdi2-SH.STA.STNT.FE.ZS,0.0223568753267202,ndgain-nd-vulnerability-food
5891,ndgain-id_habi_03-raw,0.4722583226735077,ndgain-nd-vulnerability-food
5892,key-mvi-ldc-HAI,0.1128339421081991,ndgain-nd-vulnerability-food
5893,ndgain-id_heal_03-raw,0.0194296227408129,ndgain-nd-vulnerability-food
5894,hdr-43006,0.106771308159046,ndgain-nd-vulnerability-food
5895,wdi2-SH.TBS.CURE.ZS,0.0140364929163944,ndgain-nd-vulnerability-food
5896,wdi2-PA.NUS.FCRF,0.0623636882287232,ndgain-nd-vulnerability-food
5897,wdi-IQ.SCI.MTHD,0.0186747183081695,ndgain-nd-vulnerability-food
5898,wdi2-SG.VAW.GOES.ZS,0.0773242964352296,ndgain-nd-vulnerability-food
5899,wdi2-SL.EMP.WORK.FE.ZS,0.0939507331031969,ndgain-nd-vulnerability-food
5900,wdi-DT.NFL.WFPG.CD,0.0332298411532292,ndgain-nd-vulnerability-health
5901,wdi-HD.HCI.OVRL.UB.MA,0.3077610440171795,ndgain-nd-vulnerability-health
5902,hdr-111306,0.0096477374674661,ndgain-nd-vulnerability-health
5903,wdi2-SH.XPD.OOPC.CH.ZS,0.0968399966533054,ndgain-nd-vulnerability-health
5904,hdr-133206,0.03157565103959,ndgain-nd-vulnerability-health
5905,wdi2-NV.SRV.TOTL.KD,0.0779773757405624,ndgain-nd-vulnerability-health
5906,ihme-idiopathic-epilepsy,0.0586742670241972,ndgain-nd-vulnerability-health
5907,hdr-24106,0.2932872911230491,ndgain-nd-vulnerability-health
5908,key-wdi-IS.SHP.GOOD.TU,0.0386210389409784,ndgain-nd-vulnerability-health
5909,ihme-cystic-echinococcosis,0.0523857568404424,ndgain-nd-vulnerability-health
6980,wdi2-SP.POP.65UP.TO,0.0400026492339351,ndgain-id_food_02-score
6981,wdi-DC.DAC.JPNL.CD,0.0132639971154499,ndgain-id_food_02-score
6982,ihme-varicella-and-herpes-zoster,0.2736877714986485,ndgain-id_food_02-score
6983,wdi2-SL.GDP.PCAP.EM.KD,0.0943488007670151,ndgain-id_food_02-score
6984,wdi2-NV.AGR.TOTL.ZS,0.0674017974552449,ndgain-id_food_02-score
6985,hdr-122006,0.3503471595860216,ndgain-id_food_02-score
6986,wdi-IQ.CPA.FISP.XQ,0.0266984119709488,ndgain-id_food_02-score
6987,wdi2-TX.VAL.AGRI.ZS.UN,0.0304478943755269,ndgain-id_food_02-score
6988,wdi2-SH.SGR.CRSK.ZS,0.0763942620426018,ndgain-id_food_02-score
6989,hdr-63406,0.027407255954607,ndgain-id_food_02-score
6990,ihme-lower-respiratory-infections,0.0496070094810007,ndgain-id_wate_04-score
6991,wdi-EG.USE.ELEC.KH.PC,0.3843419747883154,ndgain-id_wate_04-score
6992,wdi-IP.TMK.NRCT,0.0211071658037308,ndgain-id_wate_04-score
6993,wdi2-NE.DAB.TOTL.KN,0.0229463809847146,ndgain-id_wate_04-score
6994,wdi2-SH.MED.PHYS.ZS,0.0074914161852781,ndgain-id_wate_04-score
6995,key-wdi-EG.FEC.RNEW.ZS,0.1030732446228648,ndgain-id_wate_04-score
6996,ihme-anxiety-disorders,0.3009112458826962,ndgain-id_wate_04-score
6997,wdi2-SE.TER.ENRL.TC.ZS,0.0267300503874478,ndgain-id_wate_04-score
6998,wdi2-NE.CON.PRVT.CN,0.0089059575497584,ndgain-id_wate_04-score
6999,wdi2-SP.POP.1564.MA.ZS,0.0748855543141928,ndgain-id_wate_04-score
7000,wdi-IQ.CPA.ECON.XQ,0.0366070165713206,ndgain-id_gove_01-raw
7001,wdi-DT.ODA.ODAT.CD,0.0329394673956671,ndgain-id_gove_01-raw
7002,wdi2-SH.H2O.BASW.RU.ZS,0.2658792011135834,ndgain-id_gove_01-raw
7003,hdr-142506,0.038001254519858,ndgain-id_gove_01-raw
7004,wdi-IC.REG.COST.PC.FE.ZS,0.0347113043341347,ndgain-id_gove_01-raw
7005,"ihme-tracheal,-bronchus,-and-lung-cancer",0.1210781530009197,ndgain-id_gove_01-raw
7006,wdi2-TX.VAL.MRCH.R6.ZS,0.0217749807619994,ndgain-id_gove_01-raw
7007,paris-94,0.1493463257155892,ndgain-id_gove_01-raw
7008,hdr-103206,0.1428642122440182,ndgain-id_gove_01-raw
7009,ihme-urticaria,0.1567980843429093,ndgain-id_gove_01-raw
7010,wdi2-NY.ADJ.DNGY.CD,0.1365162566283629,ndgain-id_gove_01-score
7011,ihme-hiv/aids,0.1304850831982723,ndgain-id_gove_01-score
7012,key-wdi2-NE.TRD.GNFS.ZS,0.0499157540973215,ndgain-id_gove_01-score
7013,wdi2-SE.SEC.CUAT.UP.MA.ZS,0.0819697599239077,ndgain-id_gove_01-score
7014,ndgain-id_gove_02-raw,0.2977592889226702,ndgain-id_gove_01-score
7015,ldc-GPIS-Index,0.101616577186148,ndgain-id_gove_01-score
7016,ohi-lsp-status,0.0558827768079008,ndgain-id_gove_01-score
7017,ndgain-nd-vulnerability-sensitivity,0.0629703109372515,ndgain-id_gove_01-score
7018,wdi-EG.ELC.RNWX.KH,0.0599438428345828,ndgain-id_gove_01-score
7019,wdi-ER.FSH.PROD.MT,0.0229403494635819,ndgain-id_gove_01-score
7020,wdi2-SH.HIV.INCD.TL.P3,0.0867247428302227,ndgain-id_gove_02-raw
7021,ndgain-id_wate_06-score,0.2567791506713498,ndgain-id_gove_02-raw
7022,hdr-58006,0.0946287570349426,ndgain-id_gove_02-raw
7023,ndgain-id_food_06-score,0.061924622326342,ndgain-id_gove_02-raw
7024,wdi-EG.ELC.HYRO.ZS,0.1175098564509457,ndgain-id_gove_02-raw
7025,wdi-AG.LND.TOTL.K2,0.0773347343938644,ndgain-id_gove_02-raw
7026,wdi-FR.INR.LEND,0.0810502456965255,ndgain-id_gove_02-raw
7027,wdi-BX.GRT.TECH.CD.WD,0.0610917824545519,ndgain-id_gove_02-raw
7028,irena-rh-gen-off,0.0780763535724384,ndgain-id_gove_02-raw
7029,wdi-IQ.CPA.FINQ.XQ,0.0848797545688167,ndgain-id_gove_02-raw
7030,wdi-BX.TRF.PWKR.DT.GD.ZS,0.0303022089597276,ndgain-id_gove_02-score
7031,wdi2-SH.ANM.ALLW.ZS,0.4037880860105167,ndgain-id_gove_02-score
7032,wdi-IS.AIR.PSGR,0.0960559124292897,ndgain-id_gove_02-score
7033,ohi-fp-status,0.0714414506011925,ndgain-id_gove_02-score
7034,wdi-GC.XPN.OTHR.CN,0.0246406045701208,ndgain-id_gove_02-score
7035,paris-43,0.0550471483151462,ndgain-id_gove_02-score
7036,wdi2-SE.SEC.CUAT.PO.FE.ZS,0.0588939329985596,ndgain-id_gove_02-score
7037,paris-63,0.0456979034646848,ndgain-id_gove_02-score
7038,ohi-ao-resilience,0.1055337034508417,ndgain-id_gove_02-score
7039,wdi2-NY.ADJ.DPEM.CD,0.1085990491999199,ndgain-id_gove_02-score
7040,ihme-lower-respiratory-infections,0.0935817152679111,ndgain-id_gove_03-raw
7041,ndgain-id_wate_02-raw,0.0260351477629949,ndgain-id_gove_03-raw
7042,ndgain-nd-readiness-economic,0.1123435133758017,ndgain-id_gove_03-raw
7043,hdr-123506,0.1765985965407386,ndgain-id_gove_03-raw
7044,wdi-EN.ATM.CO2E.PC,0.0260644237128904,ndgain-id_gove_03-raw
7045,wdi2-SP.POP.1564.FE.IN,0.0674399153554161,ndgain-id_gove_03-raw
7046,hdr-136906,0.1550967568755652,ndgain-id_gove_03-raw
7047,wdi2-SE.ADT.LITR.MA.ZS,0.0367353322697502,ndgain-id_gove_03-raw
7048,irena-one-gen-on,0.1004780379735434,ndgain-id_gove_03-raw
7049,hdr-103606,0.2056265608653879,ndgain-id_gove_03-raw
7050,key-mvi-ldc-EVI,0.1046594704311171,ndgain-id_gove_03-score
7051,wdi2-SP.POP.6569.MA.5Y,0.1455666440798384,ndgain-id_gove_03-score
7052,ldc-VIC-Index,0.0329928808560958,ndgain-id_gove_03-score
7053,wdi-IP.PAT.NRES,0.1642638440703683,ndgain-id_gove_03-score
7054,wdi2-NE.RSB.GNFS.ZS,0.0199207746874773,ndgain-id_gove_03-score
7055,hdr-179706,0.061577435302609,ndgain-id_gove_03-score
7056,wdi2-SH.DYN.MORT,0.094285497296874,ndgain-id_gove_03-score
7057,hdr-111106,0.1035846297088433,ndgain-id_gove_03-score
7058,ihme-measles,0.0539399412769345,ndgain-id_gove_03-score
7059,ndgain-nd-readiness,0.2192088822898419,ndgain-id_gove_03-score
7060,key-wdi-IT.NET.USER.ZS,0.0348777038644691,ndgain-id_gove_04-raw
7061,wdi2-SL.EMP.VULN.ZS,0.2164927291448592,ndgain-id_gove_04-raw
7062,wdi-CM.MKT.TRAD.CD,0.1186169267381643,ndgain-id_gove_04-raw
7063,wdi2-SH.MLR.INCD.P3,0.0341779751789986,ndgain-id_gove_04-raw
7064,wdi-DC.DAC.CANL.CD,0.0322946423073986,ndgain-id_gove_04-raw
7065,wdi2-SI.POV.LMIC.GP,0.1030663555061404,ndgain-id_gove_04-raw
7066,wdi-IP.TMK.NRCT,0.1165079658235303,ndgain-id_gove_04-raw
7067,hdr-57806,0.2028077783006658,ndgain-id_gove_04-raw
7068,wdi2-SP.POP.7074.FE.5Y,0.0679286560118718,ndgain-id_gove_04-raw
7069,wdi2-NY.ADJ.AEDU.CD,0.0732292671239013,ndgain-id_gove_04-raw
7070,hdr-43006,0.0831012777364003,ndgain-id_gove_04-score
7071,key-wdi2-SP.POP.TOTL,0.1394272333118507,ndgain-id_gove_04-score
7072,hdr-174606,0.209545989263259,ndgain-id_gove_04-score
7073,hdr-153706,0.032303586051561,ndgain-id_gove_04-score
7074,wdi2-SP.DYN.TFRT.IN,0.1031098760902166,ndgain-id_gove_04-score
7075,wdi2-SH.XPD.OOPC.PP.CD,0.0490816097073649,ndgain-id_gove_04-score
7076,key-mvi-ldc-LECZ-Index,0.1205808164830654,ndgain-id_gove_04-score
7077,wdi2-SH.STA.POIS.P5,0.0388409726229535,ndgain-id_gove_04-score
7078,wdi2-SH.HIV.1524.FE.ZS,0.1187717264056313,ndgain-id_gove_04-score
7079,ndgain-id_habi_05-raw,0.1052369123276971,ndgain-id_gove_04-score
7080,ihme-stomach-cancer,0.1699063049894332,ndgain-nd-readiness-governance
7081,wdi2-SP.POP.4549.MA.5Y,0.2122828354036778,ndgain-nd-readiness-governance
7082,wdi2-SH.DYN.MORT.FE,0.1044596615363492,ndgain-nd-readiness-governance
7083,wdi-HD.HCI.OVRL,0.1621161444578721,ndgain-nd-readiness-governance
7084,wdi2-SE.XPD.SECO.ZS,0.025584193405795,ndgain-nd-readiness-governance
7085,wdi2-TX.VAL.MRCH.HI.ZS,0.0211996291435193,ndgain-nd-readiness-governance
7086,hdr-194506,0.1534910466959564,ndgain-nd-readiness-governance
7087,wdi2-NY.GNP.PCAP.CD,0.1143250326773461,ndgain-nd-readiness-governance
7088,wdi2-TM.VAL.OTHR.ZS.WT,0.0149369625466442,ndgain-nd-readiness-governance
7089,wdi2-SH.STA.POIS.P5.FE,0.0216981891434063,ndgain-nd-readiness-governance
7500,ihme-idiopathic-developmental-intellectual-disability,0.0447560879288185,ndgain-id_food_03-score
7501,wdi-EN.ATM.CO2E.SF.KT,0.0118856426949482,ndgain-id_food_03-score
7502,wdi2-TM.TAX.MANF.WM.FN.ZS,0.040758711539103,ndgain-id_food_03-score
7503,mvi-ldc-AFF-Index,0.1462398228881397,ndgain-id_food_03-score
7504,wdi2-NV.MNF.OTHR.ZS.UN,0.0451589292105219,ndgain-id_food_03-score
7505,wdi2-SE.PRM.PRSL.MA.ZS,0.0255534744814795,ndgain-id_food_03-score
7506,wdi2-NV.SRV.TOTL.CD,0.2425616587536068,ndgain-id_food_03-score
7507,ldc-AFF-Value,0.1975325689969475,ndgain-id_food_03-score
7508,wdi-DT.TDS.DECT.EX.ZS,0.0861332069157524,ndgain-id_food_03-score
7509,wdi2-SH.HIV.0014,0.1594198965906822,ndgain-id_food_03-score
7510,epi-HLT,0.2427151915647333,ndgain-id_econ_01-raw
7511,key-wdi-EG.ELC.ACCS.ZS,0.0640577477072708,ndgain-id_econ_01-raw
7512,wdi2-NE.IMP.GNFS.KN,0.061898948022313,ndgain-id_econ_01-raw
7513,itu-fbs256,0.0467854723003066,ndgain-id_econ_01-raw
7514,ldc-U5M-Value,0.082369319353619,ndgain-id_econ_01-raw
7515,ndgain-id_infr_01-score,0.1782497490499108,ndgain-id_econ_01-raw
7516,wdi-EN.ATM.CO2E.PC,0.0591554589540253,ndgain-id_econ_01-raw
7517,wdi2-SE.SEC.CUAT.PO.ZS,0.0441760841820084,ndgain-id_econ_01-raw
7518,wdi2-NV.MNF.CHEM.ZS.UN,0.1702443576695479,ndgain-id_econ_01-raw
7519,wdi2-SP.POP.65UP.MA.ZS,0.0503476711962643,ndgain-id_econ_01-raw
7520,wdi2-SM.POP.NETM,0.1564529957571229,ndgain-id_econ_01-score
7521,ihme-hiv/aids,0.0866691331816423,ndgain-id_econ_01-score
7522,ndgain-id_infr_02-score,0.1435807605580288,ndgain-id_econ_01-score
7523,wdi2-NE.EXP.GNFS.CN,0.0613063530495479,ndgain-id_econ_01-score
7524,wdi2-MS.MIL.XPND.ZS,0.1330835544232383,ndgain-id_econ_01-score
7525,wdi2-SL.TLF.CACT.FM.ZS,0.0496658909540235,ndgain-id_econ_01-score
7526,wdi-AG.LND.TOTL.RU.K2,0.0952185626268216,ndgain-id_econ_01-score
7527,wdi2-NE.CON.PRVT.CD,0.1571338062015572,ndgain-id_econ_01-score
7528,ohi-cs-pressures,0.0723713807500384,ndgain-id_econ_01-score
7529,ihme-interpersonal-violence,0.044517562497979,ndgain-id_econ_01-score
7530,paris-78,0.0562748747537507,ndgain-nd-readiness-economic
7531,ndgain-id_heal_02-score,0.0620843080126658,ndgain-nd-readiness-economic
7532,wdi2-SE.PRM.ENRR,0.02371120735136,ndgain-nd-readiness-economic
7533,ohi-np-resilience,0.146312724410441,ndgain-nd-readiness-economic
7534,ohi-le-score,0.0576446809498195,ndgain-nd-readiness-economic
7535,wdi2-MS.MIL.XPND.CD,0.3222150668755419,ndgain-nd-readiness-economic
7536,wdi2-SE.SEC.AGES,0.0591188833894789,ndgain-nd-readiness-economic
7537,wdi-IC.LGL.DURS,0.1382932938878585,ndgain-nd-readiness-economic
7538,ndgain-nd-vulnerability-sensitivity,0.0539196051030814,ndgain-nd-readiness-economic
7539,ihme-animal-contact,0.0804253552660017,ndgain-nd-readiness-economic
7940,wdi2-SH.STA.BASS.ZS,0.0221601198976032,ndgain-id_heal_03-raw
7941,ohi-lsp-resilience,0.0169474698311801,ndgain-id_heal_03-raw
7942,hdr-112606,0.0081837646750069,ndgain-id_heal_03-raw
7943,ndgain-id_heal_03-score,0.8318931321712335,ndgain-id_heal_03-raw
7944,ndgain-id_food_02-raw,0.021351052184321,ndgain-id_heal_03-raw
7945,wdi2-SI.POV.MDIM.XQ,0.0186687774974029,ndgain-id_heal_03-raw
7946,igrac-twap_sids_hydrogeological_avgannrechargemmyr,0.0141364056266349,ndgain-id_heal_03-raw
7947,epi-MSW,0.0195671889269838,ndgain-id_heal_03-raw
7948,hdr-128306,0.0188392487405557,ndgain-id_heal_03-raw
7949,ihme-multiple-sclerosis,0.0282528404490776,ndgain-id_heal_03-raw
7950,wdi-GC.TAX.YPKG.RV.ZS,0.0275115898985227,ndgain-id_infr_05-raw
7951,wdi-BM.GSR.FCTY.CD,0.0122885394871502,ndgain-id_infr_05-raw
7952,ndgain-id_gove_02-score,0.0916334619192019,ndgain-id_infr_05-raw
7953,wdi2-SP.POP.6064.FE.5Y,0.0532287082517805,ndgain-id_infr_05-raw
7954,ihme-vitamin-a-deficiency,0.1071792159045333,ndgain-id_infr_05-raw
7955,wdi2-SH.STA.POIS.P5.MA,0.0498015163069159,ndgain-id_infr_05-raw
7956,ihme-headache-disorders,0.0609943907742643,ndgain-id_infr_05-raw
7957,ihme-eating-disorders,0.0385654321943759,ndgain-id_infr_05-raw
7958,wdi2-SL.EMP.SELF.ZS,0.5141487153116104,ndgain-id_infr_05-raw
7959,ihme-yellow-fever,0.0446484299516446,ndgain-id_infr_05-raw
8310,wdi2-SP.POP.DPND.OL,0.2813842555767625,ndgain-nd-vulnerability-habitat
8311,ldc-U5M-Index,0.0881727894958433,ndgain-nd-vulnerability-habitat
8312,wdi2-SL.UEM.ADVN.MA.ZS,0.0419821617371926,ndgain-nd-vulnerability-habitat
8313,unicef-d3,0.1099552135002631,ndgain-nd-vulnerability-habitat
8314,wdi2-TM.VAL.MRCH.R1.ZS,0.0799212752906823,ndgain-nd-vulnerability-habitat
8315,wdi-FS.AST.PRVT.GD.ZS,0.1162792681158701,ndgain-nd-vulnerability-habitat
8316,wdi2-SP.POP.TOTL.FE.IN,0.0967304354686777,ndgain-nd-vulnerability-habitat
8317,hdr-175206,0.0913220538905029,ndgain-nd-vulnerability-habitat
8318,wdi2-SL.UEM.ADVN.ZS,0.0295300907178401,ndgain-nd-vulnerability-habitat
8319,wdi2-SM.POP.REFG,0.0647224562063648,ndgain-nd-vulnerability-habitat
8630,wdi2-SP.POP.0509.MA.5Y,0.2147271001109229,ndgain-nd-readiness-social
8631,wdi2-NE.GDI.STKB.CD,0.0747595209019841,ndgain-nd-readiness-social
8632,itu-mbb,0.0458620298265923,ndgain-nd-readiness-social
8633,wdi2-SH.STA.OWGH.ZS,0.0391571454600094,ndgain-nd-readiness-social
8634,ndgain-id_habi_05-score,0.2156687007703008,ndgain-nd-readiness-social
8635,wdi-AG.LND.ARBL.HA.PC,0.1082429479447803,ndgain-nd-readiness-social
8636,wdi2-SE.PRE.ENRL.TC.ZS,0.022908367414371,ndgain-nd-readiness-social
8637,wdi2-SE.ADT.LITR.MA.ZS,0.0340281693097044,ndgain-nd-readiness-social
8638,wdi2-NY.ADJ.SVNG.GN.ZS,0.0759881675624911,ndgain-nd-readiness-social
8639,ihme-non-hodgkin-lymphoma,0.1686578506988433,ndgain-nd-readiness-social
8890,wdi2-TX.VAL.TECH.CD,0.0047604297642463,ndgain-id_habi_04-raw
8891,hdr-137906,0.0511269818725545,ndgain-id_habi_04-raw
8892,wdi2-TM.VAL.TRVL.ZS.WT,0.0012213198525993,ndgain-id_habi_04-raw
8893,wdi2-SP.POP.DPND,0.8104928721697701,ndgain-id_habi_04-raw
8894,wdi-EN.ATM.HFCG.KT.CE,0.0088604021240482,ndgain-id_habi_04-raw
8895,ndgain-id_infr_06-score,0.050639601276126,ndgain-id_habi_04-raw
8896,wdi2-NE.EXP.GNFS.CD,0.0139957497380784,ndgain-id_habi_04-raw
8897,wdi-EG.ELC.ACCS.UR.ZS,0.0317693007793068,ndgain-id_habi_04-raw
8898,wdi2-MS.MIL.XPND.GD.ZS,0.0203473954240623,ndgain-id_habi_04-raw
8899,wdi2-SE.PRM.TCAQ.FE.ZS,0.0067859469992075,ndgain-id_habi_04-raw
8900,hdr-111106,0.1404728416205309,ndgain-id_habi_04-score
8901,ldc-XCON-Value,0.0152438205099726,ndgain-id_habi_04-score
8902,ndgain-nd-readiness-economic,0.0423864302548628,ndgain-id_habi_04-score
8903,ihme-oral-disorders,0.2010488224209753,ndgain-id_habi_04-score
8904,wdi2-MS.MIL.XPND.GD.ZS,0.0404628330842395,ndgain-id_habi_04-score
8905,hdr-137506,0.2940153786610763,ndgain-id_habi_04-score
8906,wdi2-SE.PRM.REPT.FE.ZS,0.1295244425821105,ndgain-id_habi_04-score
8907,ihme-falls,0.0829071567014921,ndgain-id_habi_04-score
8908,wdi2-SH.HIV.INCD,0.0195051828771145,ndgain-id_habi_04-score
8909,wdi2-SE.PRM.TCAQ.FE.ZS,0.0344330912876253,ndgain-id_habi_04-score
8910,wdi-IS.SHP.GOOD.TU,0.0761226947184075,ndgain-id_soci_03-score
8911,ihme-pneumoconiosis,0.0869219903776319,ndgain-id_soci_03-score
8912,wdi2-SP.POP.DPND,0.0793438390709815,ndgain-id_soci_03-score
8913,wdi-IQ.SPI.PIL5,0.0324434587018847,ndgain-id_soci_03-score
8914,wdi-FB.BNK.CAPA.ZS,0.0392887931440067,ndgain-id_soci_03-score
8915,hdr-186706,0.0700869280934637,ndgain-id_soci_03-score
8916,wdi2-SP.POP.80UP.FE.5Y,0.1650212651528208,ndgain-id_soci_03-score
8917,wdi2-SE.TER.CUAT.BA.ZS,0.185955735226229,ndgain-id_soci_03-score
8918,epi-WMG,0.2094763613764258,ndgain-id_soci_03-score
8919,wdi2-SP.POP.0014.FE.ZS,0.0553389341381481,ndgain-id_soci_03-score
8920,wdi-DT.DOD.PVLX.GN.ZS,0.0343842505238533,ndgain-nd-gain
8921,wdi2-SP.POP.1519.FE.5Y,0.1860032848075214,ndgain-nd-gain
8922,wdi2-SP.POP.DPND,0.1550304266645996,ndgain-nd-gain
8923,wdi2-SL.EMP.MPYR.ZS,0.0849870835502576,ndgain-nd-gain
8924,wdi2-SL.UEM.BASC.MA.ZS,0.0157814541185165,ndgain-nd-gain
8925,wdi2-SL.AGR.EMPL.ZS,0.2321823873485617,ndgain-nd-gain
8926,ihme-brain-and-central-nervous-system-cancer,0.0645144106919273,ndgain-nd-gain
8927,hdr-181206,0.1582941095498799,ndgain-nd-gain
8928,wdi2-SH.HIV.INCD,0.049772134864507,ndgain-nd-gain
8929,wdi2-SE.ENR.PRIM.FM.ZS,0.0190504578803752,ndgain-nd-gain
8930,epi-ECO,0.0611617524069318,ndgain-nd-vulnerability-sensitivity
8931,wdi2-SP.POP.6064.MA.5Y,0.1840270876787818,ndgain-nd-vulnerability-sensitivity
8932,wdi-IC.EXP.TMDC,0.0559966163604151,ndgain-nd-vulnerability-sensitivity
8933,ldc-U5M-Value,0.0764231260077266,ndgain-nd-vulnerability-sensitivity
8934,wdi-DT.ODA.ODAT.KD,0.0171386086465523,ndgain-nd-vulnerability-sensitivity
8935,ldc-AFF-Index,0.2550486491093819,ndgain-nd-vulnerability-sensitivity
8936,wdi2-TX.VAL.MRCH.R3.ZS,0.0834802288067458,ndgain-nd-vulnerability-sensitivity
8937,ihme-hypertensive-heart-disease,0.1393299943707031,ndgain-nd-vulnerability-sensitivity
8938,wdi2-SE.XPD.CTOT.ZS,0.1014139710055445,ndgain-nd-vulnerability-sensitivity
8939,wdi-IQ.CPA.MACR.XQ,0.0259799656072168,ndgain-nd-vulnerability-sensitivity
8940,hdr-43606,0.1508742347663268,ndgain-nd-vulnerability
8941,wdi2-SE.PRM.PRS5.MA.ZS,0.1138864426325294,ndgain-nd-vulnerability
8942,wdi2-NE.GDI.STKB.CN,0.0119896638414899,ndgain-nd-vulnerability
8943,wdi2-SE.SEC.ENRL.GC.FE.ZS,0.0405007467316862,ndgain-nd-vulnerability
8944,paris-16,0.0529103770826645,ndgain-nd-vulnerability
8945,wdi-FB.BNK.CAPA.ZS,0.0858031053458242,ndgain-nd-vulnerability
8946,hdr-103006,0.1074782631353213,ndgain-nd-vulnerability
8947,hdr-137506,0.3060616115204801,ndgain-nd-vulnerability
8948,wdi2-SH.DYN.NMRT,0.0533202195114073,ndgain-nd-vulnerability
8949,ndgain-id_habi_03-score,0.07717533543227,ndgain-nd-vulnerability
9590,ohi-cp-score,0.0669138929362574,ndgain-id_habi_06-score
9591,igrac-twap_sids_socioeconomic_anabstractionblueagri,0.0395667244223007,ndgain-id_habi_06-score
9592,wdi-AG.LND.FRST.ZS,0.2174253813648476,ndgain-id_habi_06-score
9593,ihme-gallbladder-and-biliary-tract-cancer,0.0747474251154195,ndgain-id_habi_06-score
9594,hdr-71606,0.1069479239537902,ndgain-id_habi_06-score
9595,wdi2-SE.PRM.ENRL.FE.ZS,0.0490977634540418,ndgain-id_habi_06-score
9596,wdi2-TX.VAL.MRCH.AL.ZS,0.0747809302339817,ndgain-id_habi_06-score
9597,wdi2-SP.POP.65UP.TO.ZS,0.0589982633060782,ndgain-id_habi_06-score
9598,paris-153,0.1276806114813707,ndgain-id_habi_06-score
9599,wdi2-SP.DYN.CBRT.IN,0.1838410837319118,ndgain-id_habi_06-score
9710,wdi2-SE.SEC.TCHR,0.0600679211442302,ndgain-id_ecos_05-score
9711,wdi-IQ.CPA.MACR.XQ,0.0263566821841679,ndgain-id_ecos_05-score
9712,wdi2-SE.SEC.ENRR.FE,0.0834557095569221,ndgain-id_ecos_05-score
9713,wdi2-SE.PRM.NINT.FE.ZS,0.0593719080277957,ndgain-id_ecos_05-score
9714,hdr-136906,0.3167010200404205,ndgain-id_ecos_05-score
9715,wdi2-SE.PRM.TCHR,0.0548321853187966,ndgain-id_ecos_05-score
9716,wdi-IQ.CPA.BREG.XQ,0.0279610715975934,ndgain-id_ecos_05-score
9717,wdi2-SP.POP.65UP.MA.ZS,0.0981630658949096,ndgain-id_ecos_05-score
9718,wdi-BX.KLT.DINV.CD.WD,0.0599461447158336,ndgain-id_ecos_05-score
9719,wdi2-SL.EMP.SELF.FE.ZS,0.2131442915193301,ndgain-id_ecos_05-score
9720,wdi2-SP.DYN.TFRT.IN,0.2426237470074568,ndgain-nd-vulnerability-ecosystems
9721,wdi2-NE.CON.PRVT.KD,0.055442717701127,ndgain-nd-vulnerability-ecosystems
9722,ndgain-id_habi_04-raw,0.1066726553744135,ndgain-nd-vulnerability-ecosystems
9723,key-wdi-BX.TRF.PWKR.DT.GD.ZS,0.0597664036638127,ndgain-nd-vulnerability-ecosystems
9724,ihme-other-neglected-tropical-diseases,0.0384519018252931,ndgain-nd-vulnerability-ecosystems
9725,epi-WWT,0.063631893621343,ndgain-nd-vulnerability-ecosystems
9726,wdi2-SE.PRM.ENRR,0.0418103757284237,ndgain-nd-vulnerability-ecosystems
9727,wdi2-SH.XPD.PVTD.PC.CD,0.1818578542104561,ndgain-nd-vulnerability-ecosystems
9728,wdi2-TM.VAL.MRCH.XD.WD,0.050572963259805,ndgain-nd-vulnerability-ecosystems
9729,wdi2-SH.DYN.NCOM.ZS,0.1591694876078686,ndgain-nd-vulnerability-ecosystems
9730,wdi2-ST.INT.XPND.CD,0.0659523176229308,ndgain-nd-vulnerability-infrastructure
9731,wdi2-NY.ADJ.DFOR.CD,0.0963397711658409,ndgain-nd-vulnerability-infrastructure
9732,wdi2-SG.LAW.INDX,0.3194498127511906,ndgain-nd-vulnerability-infrastructure
9733,wdi-DC.DAC.NZLL.CD,0.0499179743564334,ndgain-nd-vulnerability-infrastructure
9734,wdi-EN.CO2.MANF.ZS,0.2297249198637731,ndgain-nd-vulnerability-infrastructure
9735,unicef-cm8,0.0643898153548481,ndgain-nd-vulnerability-infrastructure
9736,wdi2-SP.POP.5559.FE.5Y,0.0558640179390088,ndgain-nd-vulnerability-infrastructure
9737,wdi2-NE.IMP.GNFS.KD.ZG,0.0136527596370728,ndgain-nd-vulnerability-infrastructure
9738,ndgain-id_heal_03-score,0.0768773565359888,ndgain-nd-vulnerability-infrastructure
9739,irena-lb-gen-on,0.0278312547729123,ndgain-nd-vulnerability-infrastructure
9830,wdi2-TX.VAL.MRCH.R3.ZS,0.0465310156192484,ndgain-id_infr_06-score
9831,wdi2-NE.EXP.GNFS.KD,0.0831420598427073,ndgain-id_infr_06-score
9832,wdi-AG.LND.FRST.ZS,0.0655246089800815,ndgain-id_infr_06-score
9833,wdi-EG.ELC.HYRO.ZS,0.2088720605494139,ndgain-id_infr_06-score
9834,wdi2-SH.DYN.NCOM.MA.ZS,0.1069541719552634,ndgain-id_infr_06-score
9835,ndgain-id_soci_04-score,0.0782645472341113,ndgain-id_infr_06-score
9836,wdi2-SE.PRE.ENRR.FE,0.1228606379405317,ndgain-id_infr_06-score
9837,ihme-dermatitis,0.1089127077561132,ndgain-id_infr_06-score
9838,wdi-IQ.CPA.ECON.XQ,0.0940946843446325,ndgain-id_infr_06-score
9839,key-ndgain-nd-readiness,0.0848435057778965,ndgain-id_infr_06-score
9890,wdi2-NV.IND.MANF.KN,0.0893102598003954,ndgain-id_food_06-score
9891,wdi2-SL.TLF.ADVN.ZS,0.1170031819462531,ndgain-id_food_06-score
9892,irena-n-inv-all,0.0328867470766621,ndgain-id_food_06-score
9893,wdi2-NY.ADJ.SVNG.GN.ZS,0.0515290961962786,ndgain-id_food_06-score
9894,ndgain-nd-vulnerability,0.0937202015711731,ndgain-id_food_06-score
9895,wdi-AG.SRF.TOTL.K2,0.1830434580738061,ndgain-id_food_06-score
9896,ndgain-id_wate_02-raw,0.1371907015550231,ndgain-id_food_06-score
9897,wdi2-TM.TAX.MRCH.WM.FN.ZS,0.1358296793570168,ndgain-id_food_06-score
9898,wdi2-NY.ADJ.AEDU.GN.ZS,0.0788993452564146,ndgain-id_food_06-score
9899,ohi-fis-future,0.0805873291669768,ndgain-id_food_06-score
9900,ndgain-id_food_04-score,0.0682451341856796,ndgain-id_wate_02-score
9901,wdi-EN.ATM.PM25.MC.M3,0.1809598047098202,ndgain-id_wate_02-score
9902,wdi-FB.CBK.DPTR.P3,0.1950488414117568,ndgain-id_wate_02-score
9903,ndgain-id_infr_06-raw,0.210107740912625,ndgain-id_wate_02-score
9904,irena-one-cap-on,0.0482042199063938,ndgain-id_wate_02-score
9905,ndgain-nd-vulnerability-sensitivity,0.067246675772408,ndgain-id_wate_02-score
9906,wdi-IC.ELC.OUTG,0.0511678877615072,ndgain-id_wate_02-score
9907,hdr-43606,0.094209480572204,ndgain-id_wate_02-score
9908,wdi-IQ.SPI.PIL4,0.0300900968175044,ndgain-id_wate_02-score
9909,wdi2-SP.POP.65UP.FE.IN,0.0547201179501008,ndgain-id_wate_02-score
10330,wdi-FD.AST.PRVT.GD.ZS,0.0969254023332105,ndgain-id_ecos_04-score
10331,wdi2-SP.POP.3539.MA.5Y,0.1579286008107377,ndgain-id_ecos_04-score
10332,wdi-IS.AIR.PSGR,0.1778691151688038,ndgain-id_ecos_04-score
10333,wdi-IC.IMP.CSBC.CD,0.070790246370114,ndgain-id_ecos_04-score
10334,ndgain-id_ecos_05-score,0.0515486145022864,ndgain-id_ecos_04-score
10335,wdi2-SE.PRM.UNER.MA,0.0748871590648117,ndgain-id_ecos_04-score
10336,wdi2-PA.NUS.FCRF,0.033995967675895,ndgain-id_ecos_04-score
10337,wdi2-SP.POP.6569.MA.5Y,0.0945750899903411,ndgain-id_ecos_04-score
10338,ndgain-id_gove_03-raw,0.1845362710363586,ndgain-id_ecos_04-score
10339,wdi2-SH.DYN.AIDS.FE.ZS,0.056943533047441,ndgain-id_ecos_04-score
10340,wdi2-SH.UHC.NOP2.ZG,0.0235311621577398,ndgain-nd-vulnerability-capacity
10341,wdi2-SH.STA.BASS.RU.ZS,0.2864616899245043,ndgain-nd-vulnerability-capacity
10342,ihme-breast-cancer,0.04222831455062,ndgain-nd-vulnerability-capacity
10343,wdi2-SP.POP.4044.FE.5Y,0.0822257656410292,ndgain-nd-vulnerability-capacity
10344,irena-me-cap-on,0.0142257211513819,ndgain-nd-vulnerability-capacity
10345,wdi2-SH.H2O.BASW.RU.ZS,0.189540829271894,ndgain-nd-vulnerability-capacity
10346,wdi2-SH.IMM.IDPT,0.0154645606498901,ndgain-nd-vulnerability-capacity
10347,hdr-194506,0.0831861600828202,ndgain-nd-vulnerability-capacity
10348,ihme-bacterial-skin-diseases,0.0685178798835796,ndgain-nd-vulnerability-capacity
10349,ihme-other-mental-disorders,0.1946179166865405,ndgain-nd-vulnerability-capacity
11380,wdi-AG.LND.IRIG.AG.ZS,0.0315913938643048,ndgain-id_food_03-raw
11381,wdi-IS.AIR.GOOD.MT.K1,0.098335293320423,ndgain-id_food_03-raw
11382,wdi2-SL.UEM.TOTL.FE.ZS,0.0734444718381491,ndgain-id_food_03-raw
11383,wdi2-SL.EMP.VULN.FE.ZS,0.1481580586233668,ndgain-id_food_03-raw
11384,paris-41,0.1211625730491856,ndgain-id_food_03-raw
11385,hdr-123506,0.122489371704741,ndgain-id_food_03-raw
11386,ihme-diarrheal-diseases,0.1049117059104559,ndgain-id_food_03-raw
11387,ndgain-id_food_01-raw,0.1193296077926327,ndgain-id_food_03-raw
11388,hdr-101406,0.111481046481084,ndgain-id_food_03-raw
11389,wdi2-SL.UEM.TOTL.MA.ZS,0.0690964774156565,ndgain-id_food_03-raw
11430,ndgain-id_wate_05-score,0.042547679834969,ndgain-id_wate_03-score
11431,wdi2-SI.POV.LMIC.GP,0.0398832341848834,ndgain-id_wate_03-score
11432,ihme-low-back-pain,0.3027731937581545,ndgain-id_wate_03-score
11433,wdi2-NY.GDP.DEFL.ZS,0.0166159192974772,ndgain-id_wate_03-score
11434,ihme-rheumatic-heart-disease,0.1397359222348315,ndgain-id_wate_03-score
11435,wdi-BX.GSR.NFSV.CD,0.0738159655947318,ndgain-id_wate_03-score
11436,wdi2-TM.TAX.MANF.WM.FN.ZS,0.0617053650774507,ndgain-id_wate_03-score
11437,hdr-123506,0.1977436937169125,ndgain-id_wate_03-score
11438,wdi2-NE.IMP.GNFS.KD,0.1108083538983605,ndgain-id_wate_03-score
11439,wdi2-SH.HIV.INCD.YG,0.0143706724022286,ndgain-id_wate_03-score
11850,ohi-ao-resilience,0.117938905142191,ndgain-id_ecos_03-score
11851,wdi2-NY.GDP.PCAP.KD.ZG,0.0160846775435673,ndgain-id_ecos_03-score
11852,wdi2-SH.XPD.PVTD.PC.CD,0.1476067746036222,ndgain-id_ecos_03-score
11853,wdi2-SH.XPD.GHED.PP.CD,0.0672115875283307,ndgain-id_ecos_03-score
11854,wdi-FX.OWN.TOTL.40.ZS,0.1994925178242654,ndgain-id_ecos_03-score
11855,wdi2-TX.VAL.MANF.ZS.UN,0.0741181727395842,ndgain-id_ecos_03-score
11856,ihme-alopecia-areata,0.1114573723263176,ndgain-id_ecos_03-score
11857,ndgain-id_soci_02-raw,0.1282320084852577,ndgain-id_ecos_03-score
11858,wdi2-SH.STA.HYGN.ZS,0.0786367688683947,ndgain-id_ecos_03-score
11859,ohi-spp-score,0.0592212149384689,ndgain-id_ecos_03-score
11900,ohi-ico-status,0.0596450938575173,ndgain-id_food_01-raw
11901,wdi-DT.NFL.MIBR.CD,0.0078381819244169,ndgain-id_food_01-raw
11902,wdi2-NY.ADJ.NNTY.PC.CD,0.0435635005713328,ndgain-id_food_01-raw
11903,wdi2-NV.MNF.OTHR.ZS.UN,0.1605666054352038,ndgain-id_food_01-raw
11904,wdi2-SE.XPD.TOTL.GD.ZS,0.0272446396113751,ndgain-id_food_01-raw
11905,wdi2-SE.SEC.ENRR.FE,0.0571685782648814,ndgain-id_food_01-raw
11906,epi-WWT,0.4197206404652649,ndgain-id_food_01-raw
11907,wdi-DC.DAC.GBRL.CD,0.0207934942701642,ndgain-id_food_01-raw
11908,wdi2-SE.SEC.ENRL.VO.FE.ZS,0.0824366878165758,ndgain-id_food_01-raw
11909,ihme-prostate-cancer,0.1210225777832676,ndgain-id_food_01-raw
11910,wdi2-TM.VAL.OTHR.ZS.WT,0.0155403275972046,ndgain-id_heal_01-raw
11911,wdi2-SH.DYN.NCOM.ZS,0.2691938688870965,ndgain-id_heal_01-raw
11912,wdi-FI.RES.TOTL.CD,0.0391377663958226,ndgain-id_heal_01-raw
11913,ndgain-nd-vulnerability-water,0.0518058610879777,ndgain-id_heal_01-raw
11914,epi-USD,0.0368967695128672,ndgain-id_heal_01-raw
11915,wdi2-SI.RMT.COST.IB.ZS,0.0761812174886357,ndgain-id_heal_01-raw
11916,ndgain-id_heal_02-score,0.2319342708002341,ndgain-id_heal_01-raw
11917,ndgain-id_soci_02-raw,0.0233438746103408,ndgain-id_heal_01-raw
11918,hdr-44206,0.0663799059050838,ndgain-id_heal_01-raw
11919,wdi-GC.REV.XGRT.GD.ZS,0.1895861377147365,ndgain-id_heal_01-raw
11920,ndgain-id_infr_06-raw,0.1707016551555779,ndgain-id_heal_02-raw
11921,ihme-malaria,0.0799749200824883,ndgain-id_heal_02-raw
11922,mvi-environmental,0.0782168898183301,ndgain-id_heal_02-raw
11923,wdi2-SH.MLR.INCD.P3,0.2037962620323219,ndgain-id_heal_02-raw
11924,wdi-IQ.CPA.PROT.XQ,0.0391256025053638,ndgain-id_heal_02-raw
11925,hdr-97306,0.1611520851303442,ndgain-id_heal_02-raw
11926,ndgain-id_gove_01-score,0.0722080754521826,ndgain-id_heal_02-raw
11927,wdi-BG.GSR.NFSV.GD.ZS,0.095210362490719,ndgain-id_heal_02-raw
11928,ihme-brain-and-central-nervous-system-cancer,0.0670865648691862,ndgain-id_heal_02-raw
11929,wdi2-NE.CON.GOVT.KN,0.0325275824634856,ndgain-id_heal_02-raw
11930,key-wdi-FB.BNK.CAPA.ZS,0.0549837255420832,ndgain-id_ecos_02-raw
11931,wdi2-NY.GDP.MKTP.CN.AD,0.0598506469785505,ndgain-id_ecos_02-raw
11932,paris-153,0.0899991974981442,ndgain-id_ecos_02-raw
11933,wdi2-VC.IHR.PSRC.MA.P5,0.0683245669096894,ndgain-id_ecos_02-raw
11934,wdi2-SH.STA.SMSS.ZS,0.2616014117182753,ndgain-id_ecos_02-raw
11935,hdr-181806,0.1141601926118893,ndgain-id_ecos_02-raw
11936,wdi2-NY.GDP.MKTP.PP.CD,0.0674772615578196,ndgain-id_ecos_02-raw
11937,wdi-DT.DOD.DSTC.ZS,0.0350828512894626,ndgain-id_ecos_02-raw
11938,igrac-twap_sids_socioeconomic_anabstractionbluetot,0.0388288314650613,ndgain-id_ecos_02-raw
11939,ihme-stroke,0.2096913144290241,ndgain-id_ecos_02-raw
11940,wdi2-SE.SEC.CUAT.LO.ZS,0.0533389005113407,ndgain-id_habi_01-raw
11941,ohi-le-score,0.1001096154109505,ndgain-id_habi_01-raw
11942,wdi2-MS.MIL.TOTL.P1,0.1610429547422158,ndgain-id_habi_01-raw
11943,wdi2-NY.ADJ.DKAP.CD,0.0880472304808631,ndgain-id_habi_01-raw
11944,wdi-LP.LPI.TRAC.XQ,0.0509288720112147,ndgain-id_habi_01-raw
11945,ndgain-id_wate_02-raw,0.089486965243044,ndgain-id_habi_01-raw
11946,key-mvi-ldc-REM-Index,0.1736965162707678,ndgain-id_habi_01-raw
11947,wdi-DC.DAC.CECL.CD,0.0683877640106297,ndgain-id_habi_01-raw
11948,wdi2-ST.INT.TVLX.CD,0.1110506933994553,ndgain-id_habi_01-raw
11949,wdi-IT.MLT.MAIN,0.1039104879195179,ndgain-id_habi_01-raw
11950,wdi-BX.GSR.TRVL.ZS,0.0524232800333031,ndgain-id_habi_02-raw
11951,ihme-alcohol-use-disorders,0.2460802965293769,ndgain-id_habi_02-raw
11952,ihme-diarrheal-diseases,0.0486765517657921,ndgain-id_habi_02-raw
11953,wdi2-SP.POP.2529.FE.5Y,0.0667221740370255,ndgain-id_habi_02-raw
11954,wdi2-SL.UEM.INTM.ZS,0.0584545402078355,ndgain-id_habi_02-raw
11955,itu-icts,0.0276364824320642,ndgain-id_habi_02-raw
11956,wdi-FM.LBL.BMNY.IR.ZS,0.0943084018893449,ndgain-id_habi_02-raw
11957,wdi2-NV.AGR.TOTL.ZS,0.0398369465708462,ndgain-id_habi_02-raw
11958,paris-29,0.0291932012389975,ndgain-id_habi_02-raw
11959,wdi2-SP.POP.BRTH.MF,0.3366681252954138,ndgain-id_habi_02-raw
11960,wdi2-SP.POP.TOTL.MA.ZS,0.1245840398685291,ndgain-id_infr_02-raw
11961,ndgain-id_habi_02-raw,0.279398025890704,ndgain-id_infr_02-raw
11962,wdi-IQ.CPA.FINQ.XQ,0.085904335971113,ndgain-id_infr_02-raw
11963,hdr-57206,0.0589590109729274,ndgain-id_infr_02-raw
11964,wdi2-NV.FSM.TOTL.KN,0.0655307910759611,ndgain-id_infr_02-raw
11965,mvi-ldc-XCON-Index,0.11633285028455,ndgain-id_infr_02-raw
11966,ndgain-id_wate_02-raw,0.0913483083393382,ndgain-id_infr_02-raw
11967,wdi2-SH.XPD.GHED.PP.CD,0.1060541457700617,ndgain-id_infr_02-raw
11968,epi-BCA,0.0269456444431785,ndgain-id_infr_02-raw
11969,ndgain-id_gove_03-raw,0.0449428473836366,ndgain-id_infr_02-raw
12090,ihme-trachoma,0.0265252520860517,ndgain-id_food_02-raw
12091,wdi2-SP.POP.0509.FE.5Y,0.1171910767234774,ndgain-id_food_02-raw
12092,wdi2-SP.POP.DPND.OL,0.1180158022144838,ndgain-id_food_02-raw
12093,wdi-EG.ELC.ACCS.UR.ZS,0.0589332089708092,ndgain-id_food_02-raw
12094,wdi-DC.DAC.SWEL.CD,0.0096463459271391,ndgain-id_food_02-raw
12095,hdr-122006,0.2297616933747598,ndgain-id_food_02-raw
12096,wdi2-SI.POV.UMIC.GP,0.2888838752975253,ndgain-id_food_02-raw
12097,wdi-AG.YLD.CREL.KG,0.0183946913793021,ndgain-id_food_02-raw
12098,ihme-breast-cancer,0.123512703842118,ndgain-id_food_02-raw
12099,irena-rh-gen-off,0.0091353501843331,ndgain-id_food_02-raw
12410,ohi-cw-future,0.0728855780340018,ndgain-id_wate_05-score
12411,epi-GHP,0.0790202104301911,ndgain-id_wate_05-score
12412,wdi2-NE.CON.PRVT.CN.AD,0.0349755304072098,ndgain-id_wate_05-score
12413,wdi-IQ.CPA.ECON.XQ,0.0713274149256798,ndgain-id_wate_05-score
12414,wdi2-SL.EMP.1524.SP.ZS,0.3898768616592452,ndgain-id_wate_05-score
12415,key-mvi-wdi2-ST.INT.RCPT.XP.ZS,0.2102206397892555,ndgain-id_wate_05-score
12416,epi-BDH,0.0374338005393505,ndgain-id_wate_05-score
12417,wdi-EG.USE.ELEC.KH.PC,0.0584153617110447,ndgain-id_wate_05-score
12418,wdi-EG.CFT.ACCS.ZS,0.0195267593482401,ndgain-id_wate_05-score
12419,ihme-iodine-deficiency,0.0263178431557811,ndgain-id_wate_05-score
12420,ihme-ischemic-heart-disease,0.0882522314728632,ndgain-id_ecos_05-raw
12421,ndgain-id_gove_03-score,0.120610022489848,ndgain-id_ecos_05-raw
12422,wdi-IC.IMP.TMBC,0.1685425620881578,ndgain-id_ecos_05-raw
12423,wdi2-SH.DYN.0509,0.1893240406907833,ndgain-id_ecos_05-raw
12424,wdi2-NV.SRV.EMPL.KD,0.1184508003943291,ndgain-id_ecos_05-raw
12425,wdi2-SP.POP.2529.FE.5Y,0.0373833523184445,ndgain-id_ecos_05-raw
12426,wdi2-SM.POP.REFG,0.1486635339430264,ndgain-id_ecos_05-raw
12427,wdi-IC.REG.PROC.FE,0.0315432632521256,ndgain-id_ecos_05-raw
12428,key-mvi-ldc-EVI,0.0497625658980093,ndgain-id_ecos_05-raw
12429,wdi2-SE.XPD.TERT.ZS,0.0474676274524123,ndgain-id_ecos_05-raw
13530,wdi2-SI.POV.GAPS,0.0148982614442088,ndgain-id_heal_05-raw
13531,wdi2-NY.ADJ.NNAT.GN.ZS,0.042444748913354,ndgain-id_heal_05-raw
13532,epi-MPA,0.0767212516636896,ndgain-id_heal_05-raw
13533,paris-10,0.1763176187419254,ndgain-id_heal_05-raw
13534,wdi2-SE.PRM.NENR.MA,0.0469492523817365,ndgain-id_heal_05-raw
13535,epi-TCL,0.0805657080875564,ndgain-id_heal_05-raw
13536,wdi-GC.REV.XGRT.GD.ZS,0.0315663985210036,ndgain-id_heal_05-raw
13537,ihme-attention-deficit/hyperactivity-disorder,0.2033967087588427,ndgain-id_heal_05-raw
13538,wdi2-TM.TAX.TCOM.SR.ZS,0.2812271551572531,ndgain-id_heal_05-raw
13539,wdi2-SP.POP.1564.TO,0.0459128963304296,ndgain-id_heal_05-raw
13920,ohi-sp-status,0.085437876971282,ndgain-id_soci_01-score
13921,wdi2-SL.TLF.CACT.FE.ZS,0.1049531105172711,ndgain-id_soci_01-score
13922,wdi-IC.ISV.DURS,0.1630677934284113,ndgain-id_soci_01-score
13923,ohi-mar-trend,0.0364557170102775,ndgain-id_soci_01-score
13924,wdi2-SE.TER.ENRR.MA,0.032063014822865,ndgain-id_soci_01-score
13925,wdi-IC.BUS.DISC.XQ,0.1467941224759452,ndgain-id_soci_01-score
13926,wdi2-TM.VAL.FUEL.ZS.UN,0.0291267045521373,ndgain-id_soci_01-score
13927,itu-hiat,0.0537838057708123,ndgain-id_soci_01-score
13928,wdi-IC.LGL.CRED.XQ,0.2590363666650231,ndgain-id_soci_01-score
13929,wdi2-SE.PRM.NENR,0.0892814877859746,ndgain-id_soci_01-score
13930,wdi2-SE.PRM.UNER.FE.ZS,0.0894839072327531,ndgain-nd-vulnerability-water
13931,ndgain-nd-vulnerability-habitat,0.0834288930803282,ndgain-nd-vulnerability-water
13932,wdi-BN.KLT.PTXL.CD,0.0201659915300319,ndgain-nd-vulnerability-water
13933,wdi-IC.FRM.OUTG.ZS,0.0573074610513552,ndgain-nd-vulnerability-water
13934,wdi-BM.GSR.MRCH.CD,0.186777407133159,ndgain-nd-vulnerability-water
13935,wdi2-SL.TLF.PART.MA.ZS,0.0263388395979123,ndgain-nd-vulnerability-water
13936,ohi-ao-future,0.1992118225292451,ndgain-nd-vulnerability-water
13937,wdi-BM.GSR.GNFS.CD,0.1881040340725273,ndgain-nd-vulnerability-water
13938,hdr-47906,0.0615797107286687,ndgain-nd-vulnerability-water
13939,wdi2-SL.UEM.1524.MA.ZS,0.0876019330440189,ndgain-nd-vulnerability-water
14180,wdi2-per_sa_allsa.adq_pop_tot,0.017650205841076,ndgain-id_habi_05-score
14181,ldc-STU-Value,0.066718506561662,ndgain-id_habi_05-score
14182,key-mvi-ldc-AIN-Index,0.2039324815600727,ndgain-id_habi_05-score
14183,wdi-LP.LPI.INFR.XQ,0.413642825430962,ndgain-id_habi_05-score
14184,hdr-123606,0.2249061658440586,ndgain-id_habi_05-score
14185,wdi-IQ.CPA.PRES.XQ,0.0056498257687112,ndgain-id_habi_05-score
14186,wdi2-SP.REG.DTHS.ZS,0.0186254943262626,ndgain-id_habi_05-score
14187,wdi2-TM.VAL.MRCH.R4.ZS,0.0086030115833189,ndgain-id_habi_05-score
14188,unicef-ah15,0.005602679444445,ndgain-id_habi_05-score
14189,wdi2-SH.STA.STNT.MA.ZS,0.0346688036394306,ndgain-id_habi_05-score
14440,ihme-nasopharynx-cancer,0.1396797153949184,ndgain-id_soci_04-score
14441,wdi-IP.TMK.NRCT,0.1919923332347773,ndgain-id_soci_04-score
14442,ndgain-id_habi_05-score,0.1179345906645702,ndgain-id_soci_04-score
14443,ihme-colon-and-rectum-cancer,0.0269610876674145,ndgain-id_soci_04-score
14444,ndgain-id_heal_06-raw,0.023893336021097,ndgain-id_soci_04-score
14445,ndgain-id_habi_06-score,0.0193041190184033,ndgain-id_soci_04-score
14446,wdi2-TM.VAL.MRCH.WL.CD,0.33215965646548,ndgain-id_soci_04-score
14447,hdr-123606,0.102834045908267,ndgain-id_soci_04-score
14448,wdi2-SE.PRM.CMPT.FE.ZS,0.0068445256795878,ndgain-id_soci_04-score
14449,wdi2-SH.ANM.ALLW.ZS,0.0383965899454839,ndgain-id_soci_04-score
14520,wdi2-SE.PRM.NINT.ZS,0.1050772030756452,ndgain-id_wate_02-raw
14521,wdi-EG.ELC.ACCS.RU.ZS,0.1333821436454224,ndgain-id_wate_02-raw
14522,mvi-ldc-AFF-Index,0.0929327403350078,ndgain-id_wate_02-raw
14523,ndgain-id_food_02-score,0.1129357365107523,ndgain-id_wate_02-raw
14524,wdi-EN.ATM.GHGT.KT.CE,0.0763396683663158,ndgain-id_wate_02-raw
14525,wdi2-SH.XPD.GHED.GD.ZS,0.0184656178245374,ndgain-id_wate_02-raw
14526,itu-iu25,0.0592048911538728,ndgain-id_wate_02-raw
14527,ohi-ao-status,0.0566127001587348,ndgain-id_wate_02-raw
14528,wdi2-SP.DYN.TFRT.IN,0.3295608204064306,ndgain-id_wate_02-raw
14529,wdi-IC.FRM.BKWC.ZS,0.0154884785232807,ndgain-id_wate_02-raw
14660,wdi2-SI.POV.NAHC,0.2115091492209291,ndgain-id_heal_04-score
14661,ihme-esophageal-cancer,0.074006511574417,ndgain-id_heal_04-score
14662,wdi2-SP.POP.DPND,0.1050442179789181,ndgain-id_heal_04-score
14663,wdi2-SH.DYN.AIDS.FE.ZS,0.048257929885638,ndgain-id_heal_04-score
14664,wdi2-SE.XPD.PRIM.ZS,0.1639546472849294,ndgain-id_heal_04-score
14665,key-ndgain-nd-gain,0.0686996168367739,ndgain-id_heal_04-score
14666,wdi2-SP.DYN.IMRT.MA.IN,0.0434670467277178,ndgain-id_heal_04-score
14667,wdi2-SI.POV.LMIC.GP,0.1078731491518839,ndgain-id_heal_04-score
14668,wdi-FX.OWN.TOTL.MA.ZS,0.1187501564575374,ndgain-id_heal_04-score
14669,wdi2-SH.STA.TRAF.P5,0.0584375748812547,ndgain-id_heal_04-score
14670,wdi-DC.DAC.DEUL.CD,0.0196290491145279,ndgain-id_ecos_01-score
14671,wdi2-SE.SEC.UNER.LO.ZS,0.119334852336826,ndgain-id_ecos_01-score
14672,wdi2-SP.DYN.CBRT.IN,0.1072290821674147,ndgain-id_ecos_01-score
14673,ihme-self-harm,0.1243850347770233,ndgain-id_ecos_01-score
14674,epi-SNM,0.0990343782205593,ndgain-id_ecos_01-score
14675,wdi-BM.GSR.INSF.ZS,0.0276332482596164,ndgain-id_ecos_01-score
14676,wdi2-NV.AGR.EMPL.KD,0.1590326868008272,ndgain-id_ecos_01-score
14677,wdi-GC.REV.XGRT.CN,0.0273779309499816,ndgain-id_ecos_01-score
14678,ndgain-id_heal_01-score,0.2192448824030461,ndgain-id_ecos_01-score
14679,unicef-d3,0.0970988549701769,ndgain-id_ecos_01-score
15550,wdi-GC.AST.TOTL.CN,0.0198442620349144,ndgain-id_wate_01-score
15551,wdi-EN.CO2.ETOT.ZS,0.1311613879454977,ndgain-id_wate_01-score
15552,wdi2-NE.GDI.FTOT.CD,0.0973917577265041,ndgain-id_wate_01-score
15553,wdi-BM.GSR.FCTY.CD,0.1121536915896309,ndgain-id_wate_01-score
15554,wdi2-SE.PRM.UNER.FE.ZS,0.0559570971321939,ndgain-id_wate_01-score
15555,wdi2-SH.HIV.INCD.TL.P3,0.0365347344086403,ndgain-id_wate_01-score
15556,wdi2-SH.STA.OWGH.ME.ZS,0.1202314156572825,ndgain-id_wate_01-score
15557,wdi2-SH.XPD.OOPC.PP.CD,0.1455406679374734,ndgain-id_wate_01-score
15558,hdr-112506,0.0781905560340575,ndgain-id_wate_01-score
15559,wdi2-SP.POP.2024.FE.5Y,0.2029944295338048,ndgain-id_wate_01-score
16100,wdi2-SE.TER.ENRR,0.5720142446991084,ndgain-id_soci_03-raw
16101,ldc-REM-Index,0.0026485645187285,ndgain-id_soci_03-raw
16102,wdi2-SP.POP.1564.MA.IN,0.0127529893309688,ndgain-id_soci_03-raw
16103,ihme-psoriasis,0.0031037526523097,ndgain-id_soci_03-raw
16104,wdi2-SE.TER.ENRR.MA,0.397171600780091,ndgain-id_soci_03-raw
16105,ohi-mar-future,0.0006109295635661,ndgain-id_soci_03-raw
16106,wdi2-NE.RSB.GNFS.CD,0.0037951162855776,ndgain-id_soci_03-raw
16107,wdi2-SE.XPD.SECO.PC.ZS,0.0028012446194719,ndgain-id_soci_03-raw
16108,wdi2-NV.AGR.EMPL.KD,0.0026118162794871,ndgain-id_soci_03-raw
16109,ihme-age-related-and-other-hearing-loss,0.0024897412706903,ndgain-id_soci_03-raw
16580,hdr-123506,0.0909276680060425,ndgain-id_ecos_04-raw
16581,hdr-58006,0.0841530096053689,ndgain-id_ecos_04-raw
16582,wdi2-NY.GDP.MKTP.KN,0.1053920424877865,ndgain-id_ecos_04-raw
16583,wdi-DT.ODA.ODAT.MP.ZS,0.0959255484189853,ndgain-id_ecos_04-raw
16584,ohi-tr-future,0.1908237078599357,ndgain-id_ecos_04-raw
16585,wdi2-NY.GDP.PCAP.CD,0.094444434653843,ndgain-id_ecos_04-raw
16586,epi-AIR,0.0651611367387419,ndgain-id_ecos_04-raw
16587,ohi-fp-future,0.0273288985218099,ndgain-id_ecos_04-raw
16588,epi-TCL,0.1851067848309967,ndgain-id_ecos_04-raw
16589,ihme-falls,0.0607367688764893,ndgain-id_ecos_04-raw
16640,wdi-FX.OWN.TOTL.SO.ZS,0.0992467131539153,ndgain-id_infr_06-raw
16641,wdi-FD.RES.LIQU.AS.ZS,0.0983598808497413,ndgain-id_infr_06-raw
16642,epi-NDA,0.0470361476143592,ndgain-id_infr_06-raw
16643,wdi2-SH.DYN.NCOM.MA.ZS,0.1146976056964873,ndgain-id_infr_06-raw
16644,ihme-lower-respiratory-infections,0.2917713038421877,ndgain-id_infr_06-raw
16645,itu-iwmp,0.0617757625761377,ndgain-id_infr_06-raw
16646,wdi-DT.ODA.ODAT.GN.ZS,0.0751443007878923,ndgain-id_infr_06-raw
16647,wdi2-per_si_allsi.cov_q3_tot,0.0701810322933576,ndgain-id_infr_06-raw
16648,wdi2-SH.H2O.BASW.UR.ZS,0.1158689589062549,ndgain-id_infr_06-raw
16649,wdi-GC.LBL.TOTL.GD.ZS,0.0259182942796661,ndgain-id_infr_06-raw
16830,hdr-153706,0.0740677776999605,ndgain-id_ecos_01-raw
16831,wdi2-SE.SEC.AGES,0.0838240741103091,ndgain-id_ecos_01-raw
16832,wdi2-NV.MNF.TECH.ZS.UN,0.1450914423375559,ndgain-id_ecos_01-raw
16833,hdr-101606,0.1630882844395305,ndgain-id_ecos_01-raw
16834,hdr-99106,0.0157579472575572,ndgain-id_ecos_01-raw
16835,wdi2-per_si_allsi.cov_q5_tot,0.0286008856918885,ndgain-id_ecos_01-raw
16836,ihme-other-digestive-diseases,0.123919105245806,ndgain-id_ecos_01-raw
16837,ldc-VIC-Index,0.0790277670980901,ndgain-id_ecos_01-raw
16838,wdi-FR.INR.RISK,0.2195225528003641,ndgain-id_ecos_01-raw
16839,wdi2-SL.IND.EMPL.MA.ZS,0.067100163318938,ndgain-id_ecos_01-raw
17080,ndgain-id_econ_01-raw,0.0466284594439421,ndgain-id_infr_03-score
17081,wdi-IS.SHP.GOOD.TU,0.088067152724588,ndgain-id_infr_03-score
17082,ihme-poisonings,0.0319594898544749,ndgain-id_infr_03-score
17083,wdi-IC.LGL.DURS,0.4083653857464984,ndgain-id_infr_03-score
17084,"ihme-endocrine,-metabolic,-blood,-and-immune-disorders",0.1780455411217568,ndgain-id_infr_03-score
17085,wdi2-SP.POP.5559.MA.5Y,0.0602592908608144,ndgain-id_infr_03-score
17086,ohi-fp-trend,0.007573854778671,ndgain-id_infr_03-score
17087,wdi2-NE.CON.PRVT.CN,0.0676779383437908,ndgain-id_infr_03-score
17088,wdi-BN.KLT.DINV.CD,0.0680865318857532,ndgain-id_infr_03-score
17089,paris-160,0.0433363552397098,ndgain-id_infr_03-score
17160,wdi2-SE.SEC.CUAT.UP.FE.ZS,0.0077793388984282,ndgain-id_soci_04-raw
17161,wdi2-NY.GNP.PCAP.PP.CD,0.0641257293826074,ndgain-id_soci_04-raw
17162,ohi-eco-pressures,0.0040561321619898,ndgain-id_soci_04-raw
17163,wdi-FI.RES.XGLD.CD,0.3911488148123769,ndgain-id_soci_04-raw
17164,wdi2-NE.CON.PRVT.CN,0.0039651617091193,ndgain-id_soci_04-raw
17165,wdi-EN.URB.LCTY.UR.ZS,0.1322892171669122,ndgain-id_soci_04-raw
17166,epi-GHP,0.0036669045150545,ndgain-id_soci_04-raw
17167,ihme-road-injuries,0.0113747805047793,ndgain-id_soci_04-raw
17168,itu-fts1,0.0091223519127513,ndgain-id_soci_04-raw
17169,key-wdi-IS.SHP.GOOD.TU,0.3724715689359807,ndgain-id_soci_04-raw
17380,hdr-176906,0.2020330464313216,ndgain-id_habi_05-raw
17381,paris-17,0.0466394168011597,ndgain-id_habi_05-raw
17382,ihme-drowning,0.0349262444988652,ndgain-id_habi_05-raw
17383,wdi-IQ.CPA.SOCI.XQ,0.0512168608618954,ndgain-id_habi_05-raw
17384,ndgain-id_ecos_04-score,0.1473078075876419,ndgain-id_habi_05-raw
17385,ohi-sp-score,0.0441614785969312,ndgain-id_habi_05-raw
17386,ihme-poisonings,0.0395357829487867,ndgain-id_habi_05-raw
17387,igrac-twap_ind_sids_mannualgwrechargedepth,0.0506573017287619,ndgain-id_habi_05-raw
17388,wdi2-NE.GDI.TOTL.KD,0.3073503675233885,ndgain-id_habi_05-raw
17389,wdi2-NY.ADJ.DPEM.GN.ZS,0.0761716930212473,ndgain-id_habi_05-raw
17560,ndgain-nd-vulnerability-water,0.0216094713188936,ndgain-id_wate_01-raw
17561,wdi2-NY.GDP.MKTP.KD,0.2136506633727716,ndgain-id_wate_01-raw
17562,ndgain-id_food_01-score,0.2654347047124675,ndgain-id_wate_01-raw
17563,wdi-IC.WRH.DURS,0.0502866353047651,ndgain-id_wate_01-raw
17564,wdi2-SE.XPD.TERT.ZS,0.0518478608254003,ndgain-id_wate_01-raw
17565,ihme-typhoid-and-paratyphoid,0.0412606045628164,ndgain-id_wate_01-raw
17566,wdi2-SE.PRM.GINT.MA.ZS,0.0244643000445314,ndgain-id_wate_01-raw
17567,wdi-BM.TRF.PWKR.CD.DT,0.0705527257052178,ndgain-id_wate_01-raw
17568,hdr-58006,0.2130726613239223,ndgain-id_wate_01-raw
17569,igrac-twap_sids_hydrogeological_arealrecharge,0.0478203728292134,ndgain-id_wate_01-raw
17710,hdr-46006,0.1268280871645682,ndgain-id_ecos_06-raw
17711,hdr-185406,0.1752784235425021,ndgain-id_ecos_06-raw
17712,ldc-STU-Index,0.0787901538276439,ndgain-id_ecos_06-raw
17713,wdi2-SP.POP.3539.MA.5Y,0.093056051090911,ndgain-id_ecos_06-raw
17714,ndgain-id_infr_06-score,0.1087999249222484,ndgain-id_ecos_06-raw
17715,ndgain-nd-vulnerability-habitat,0.060891445021623,ndgain-id_ecos_06-raw
17716,wdi2-SP.POP.TECH.RD.P6,0.0905554316480437,ndgain-id_ecos_06-raw
17717,wdi2-NY.ADJ.DCO2.GN.ZS,0.0597628502578308,ndgain-id_ecos_06-raw
17718,wdi2-SP.DYN.TO65.FE.ZS,0.1251343288508342,ndgain-id_ecos_06-raw
17719,wdi2-SH.STA.ODFC.ZS,0.0809033036737943,ndgain-id_ecos_06-raw
17750,hdr-63106,0.0257051261262728,ndgain-id_wate_04-raw
17751,wdi2-SE.SEC.PROG.FE.ZS,0.0490432436108731,ndgain-id_wate_04-raw
17752,ohi-mar-resilience,0.0738800300696491,ndgain-id_wate_04-raw
17753,hdr-181706,0.0725679561690669,ndgain-id_wate_04-raw
17754,wdi2-SP.DYN.CDRT.IN,0.2050595013810051,ndgain-id_wate_04-raw
17755,ihme-pruritus,0.1142933827690068,ndgain-id_wate_04-raw
17756,wdi2-SH.MED.BEDS.ZS,0.1143450502561135,ndgain-id_wate_04-raw
17757,epi-WWT,0.1829312339709073,ndgain-id_wate_04-raw
17758,wdi-IT.NET.USER.ZS,0.1240268353457817,ndgain-id_wate_04-raw
17759,wdi2-SI.POV.MDIM.17,0.0381476403013233,ndgain-id_wate_04-raw
17870,wdi-IT.NET.USER.ZS,0.0111115846740007,ndgain-id_infr_01-score
17871,wdi2-SE.TER.CUAT.BA.ZS,0.0132776334471882,ndgain-id_infr_01-score
17872,wdi2-SI.DST.03RD.20,0.0429766503798098,ndgain-id_infr_01-score
17873,epi-HAD,0.332906457771674,ndgain-id_infr_01-score
17874,epi-AIR,0.0898939126559453,ndgain-id_infr_01-score
17875,hdr-195906,0.1594916307026274,ndgain-id_infr_01-score
17876,wdi2-SH.DYN.1519,0.047566866903244,ndgain-id_infr_01-score
17877,wdi-DT.DOD.DSTC.CD,0.0872176801122645,ndgain-id_infr_01-score
17878,wdi-DT.NFL.UNDP.CD,0.087388572888494,ndgain-id_infr_01-score
17879,wdi2-SH.DYN.2024,0.1281690104647518,ndgain-id_infr_01-score
18400,wdi-BX.GSR.INSF.ZS,0.2116171767971348,ndgain-id_wate_03-raw
18401,wdi2-NY.ADJ.DNGY.CD,0.0443073696785585,ndgain-id_wate_03-raw
18402,wdi2-SP.POP.DPND.YG,0.0306777731890626,ndgain-id_wate_03-raw
18403,paris-109,0.1998332229648662,ndgain-id_wate_03-raw
18404,wdi2-NY.TRF.NCTR.CD,0.0741310136356104,ndgain-id_wate_03-raw
18405,ndgain-id_wate_04-raw,0.2095731168032536,ndgain-id_wate_03-raw
18406,ldc-GSSE-Value,0.0311073198832539,ndgain-id_wate_03-raw
18407,ndgain-id_wate_04-score,0.1394375732089076,ndgain-id_wate_03-raw
18408,epi-GHP,0.0441438488336526,ndgain-id_wate_03-raw
18409,itu-iwmp,0.0151715850056993,ndgain-id_wate_03-raw
18410,ihme-autism-spectrum-disorders,0.0253320198213453,ndgain-id_wate_06-score
18411,paris-47,0.021041409249109,ndgain-id_wate_06-score
18412,wdi2-SE.TER.ENRR,0.1548403175439723,ndgain-id_wate_06-score
18413,paris-5,0.03827053135108,ndgain-id_wate_06-score
18414,ndgain-id_heal_06-score,0.156507913943875,ndgain-id_wate_06-score
18415,wdi-EN.ATM.GHGT.KT.CE,0.0538335438973476,ndgain-id_wate_06-score
18416,wdi2-SP.URB.TOTL.IN.ZS,0.1563149534775523,ndgain-id_wate_06-score
18417,wdi2-SH.DYN.NMRT,0.0256893890893285,ndgain-id_wate_06-score
18418,paris-62,9.273857180542349e-06,ndgain-id_wate_06-score
18419,blasiak-index-85-16,0.368160647769209,ndgain-id_wate_06-score
18420,ihme-pruritus,0.5393218264576052,ndgain-id_heal_06-score
18421,wdi-LP.LPI.LOGS.XQ,0.215929534178465,ndgain-id_heal_06-score
18422,ohi-cs-pressures,0.0127401513898867,ndgain-id_heal_06-score
18423,ohi-mar-score,0.0062105182132264,ndgain-id_heal_06-score
18424,epi-FSS,0.0517945988542655,ndgain-id_heal_06-score
18425,wdi2-SH.PRV.SMOK.FE,0.1461328169103985,ndgain-id_heal_06-score
18426,wdi-DC.DAC.AUSL.CD,0.0017124827447686,ndgain-id_heal_06-score
18427,wdi2-SG.LAW.INDX,0.0003724716461532,ndgain-id_heal_06-score
18428,wdi2-NE.GDI.STKB.KN,0.0136042096523603,ndgain-id_heal_06-score
18429,wdi-EN.ATM.CO2E.LF.ZS,0.0121813899528702,ndgain-id_heal_06-score
18730,wdi2-SH.HIV.1524.MA.ZS,0.1868582518642876,ndgain-id_heal_04-raw
18731,wdi2-TM.VAL.MRCH.R6.ZS,0.0816563097834894,ndgain-id_heal_04-raw
18732,wdi2-SP.DYN.TFRT.IN,0.2179857844686543,ndgain-id_heal_04-raw
18733,wdi2-NY.ADJ.ICTR.GN.ZS,0.012402578059099,ndgain-id_heal_04-raw
18734,wdi-DT.TDS.DECT.GN.ZS,0.0849678686880726,ndgain-id_heal_04-raw
18735,wdi2-SH.DYN.MORT,0.1025682443908438,ndgain-id_heal_04-raw
18736,wdi-GC.XPN.GSRV.CN,0.0299341784233174,ndgain-id_heal_04-raw
18737,wdi2-SP.POP.0509.FE.5Y,0.1996285652735037,ndgain-id_heal_04-raw
18738,wdi2-SE.ENR.PRIM.FM.ZS,0.0341710364494392,ndgain-id_heal_04-raw
18739,ihme-sudden-infant-death-syndrome,0.0498271825992928,ndgain-id_heal_04-raw
18780,wdi2-TX.VAL.MRCH.CD.WT,0.0182410325095396,ndgain-id_infr_03-raw
18781,wdi2-ST.INT.DPRT,0.0799390145144288,ndgain-id_infr_03-raw
18782,wdi-EN.CO2.ETOT.ZS,0.0854621434907313,ndgain-id_infr_03-raw
18783,wdi2-SH.DYN.AIDS.ZS,0.014283435566513,ndgain-id_infr_03-raw
18784,wdi-EN.ATM.NOXE.KT.CE,0.0707866564247565,ndgain-id_infr_03-raw
18785,wdi-IS.AIR.PSGR,0.0325913627165497,ndgain-id_infr_03-raw
18786,wdi2-TM.VAL.MRCH.CD.WT,0.0486044198772597,ndgain-id_infr_03-raw
18787,hdr-195606,0.4819361589413576,ndgain-id_infr_03-raw
18788,wdi2-TT.PRI.MRCH.XD.WD,0.1487471893939318,ndgain-id_infr_03-raw
18789,wdi-BX.GSR.INSF.ZS,0.0194085865649316,ndgain-id_infr_03-raw
19290,ohi-cs-pressures,0.0175949813277107,ndgain-id_wate_05-raw
19291,wdi-IC.REG.DURS.MA,0.1341429762984642,ndgain-id_wate_05-raw
19292,ohi-lsp-future,0.0008341583272119,ndgain-id_wate_05-raw
19293,ihme-leishmaniasis,0.8100666425117194,ndgain-id_wate_05-raw
19294,wdi2-SL.TLF.ACTI.1524.NE.ZS,0.0079848378386999,ndgain-id_wate_05-raw
19295,wdi-AG.LND.CREL.HA,0.0030815132270574,ndgain-id_wate_05-raw
19296,wdi2-SH.HIV.INCD.YG,0.0003670125392178,ndgain-id_wate_05-raw
19297,wdi-DT.NFL.ILOG.CD,0.0149012513012189,ndgain-id_wate_05-raw
19298,wdi-IP.TMK.NRCT,0.0022195108050882,ndgain-id_wate_05-raw
19299,epi-ECS,0.0088071158236109,ndgain-id_wate_05-raw
19300,paris-35,0.020048232767236,ndgain-id_infr_01-raw
19301,wdi2-SE.ENR.PRIM.FM.ZS,0.2705299287335331,ndgain-id_infr_01-raw
19302,wdi2-per_si_allsi.cov_q3_tot,0.1535220541348777,ndgain-id_infr_01-raw
19303,wdi-DC.DAC.IRLL.CD,0.1170733830375452,ndgain-id_infr_01-raw
19304,wdi2-SH.SGR.IRSK.ZS,0.1466091588699472,ndgain-id_infr_01-raw
19305,wdi-IC.FRM.FEMO.ZS,0.0592816681742248,ndgain-id_infr_01-raw
19306,ohi-ao-score,0.1101037830349065,ndgain-id_infr_01-raw
19307,wdi-IP.JRN.ARTC.SC,0.06161210952372,ndgain-id_infr_01-raw
19308,wdi2-SL.UEM.ADVN.MA.ZS,0.0560151504770246,ndgain-id_infr_01-raw
19309,irena-bg-gen-off,0.0052045312469845,ndgain-id_infr_01-raw
19470,wdi2-NE.GDI.TOTL.CD,0.0186039366612759,ndgain-id_wate_06-raw
19471,ohi-index-future,0.007145179733824,ndgain-id_wate_06-raw
19472,wdi-GC.AST.TOTL.CN,0.0016669852766201,ndgain-id_wate_06-raw
19473,hdr-123606,0.2734384122782812,ndgain-id_wate_06-raw
19474,wdi2-SM.POP.TOTL,0.0514379253643509,ndgain-id_wate_06-raw
19475,wdi-DC.DAC.USAL.CD,0.0213733585220965,ndgain-id_wate_06-raw
19476,key-wdi-EG.ELC.ACCS.ZS,0.1388869473369484,ndgain-id_wate_06-raw
19477,wdi2-SH.XPD.PVTD.PC.CD,0.2852536348605658,ndgain-id_wate_06-raw
19478,hdr-57906,0.1947751089596784,ndgain-id_wate_06-raw
19479,wdi-IP.IDS.RSCT,0.0074185110063586,ndgain-id_wate_06-raw
19480,hdr-120606,0.0674591220791352,ndgain-id_heal_06-raw
19481,wdi2-TT.PRI.MRCH.XD.WD,0.0354331137448943,ndgain-id_heal_06-raw
19482,ihme-urinary-diseases-and-male-infertility,0.0746874736339001,ndgain-id_heal_06-raw
19483,paris-89,0.1136546333833886,ndgain-id_heal_06-raw
19484,wdi2-SE.TER.CUAT.ST.ZS,0.0786022617297384,ndgain-id_heal_06-raw
19485,wdi-EN.ATM.PM25.MC.T1.ZS,0.0927978409581831,ndgain-id_heal_06-raw
19486,wdi2-SH.XPD.GHED.PC.CD,0.0350450309159766,ndgain-id_heal_06-raw
19487,wdi2-NY.ADJ.DCO2.CD,0.1031539466607186,ndgain-id_heal_06-raw
19488,wdi2-SE.SEC.TCAQ.UP.FE.ZS,0.1262704438760323,ndgain-id_heal_06-raw
19489,wdi-AG.LND.ARBL.HA.PC,0.2728961330180323,ndgain-id_heal_06-raw
19900,hdr-148306,0.1095444314317875,ndgain-id_infr_04-raw
19901,hdr-43006,0.087595870155444,ndgain-id_infr_04-raw
19902,igrac-twap_ind_sids_natbackgwquality,0.0898942686364423,ndgain-id_infr_04-raw
19903,hdr-177706,0.1224704968748359,ndgain-id_infr_04-raw
19904,wdi2-TX.VAL.MRCH.R5.ZS,0.1619679607502994,ndgain-id_infr_04-raw
19905,wdi2-TM.VAL.MRCH.CD.WT,0.0587682538409449,ndgain-id_infr_04-raw
19906,wdi2-SE.ENR.PRIM.FM.ZS,0.0713986101725258,ndgain-id_infr_04-raw
19907,wdi2-SH.FPL.SATM.ZS,0.1130415202294604,ndgain-id_infr_04-raw
19908,wdi2-SE.PRM.ENRL.FE.ZS,0.0795713490562853,ndgain-id_infr_04-raw
19909,wdi-AG.LND.TOTL.UR.K2,0.1057472388519741,ndgain-id_infr_04-raw
21950,wdi2-SH.STA.MMRT.NE,0.0736164532543852,ndgain-id_food_06-raw
21951,ihme-diphtheria,0.0343331494289207,ndgain-id_food_06-raw
21952,wdi2-SP.UWT.TFRT,0.0345614451712094,ndgain-id_food_06-raw
21953,wdi2-SL.UEM.TOTL.FE.ZS,0.1119723829442468,ndgain-id_food_06-raw
21954,hdr-64406,0.1395963351256299,ndgain-id_food_06-raw
21955,wdi2-SG.VAW.1549.ZS,0.1199868347303867,ndgain-id_food_06-raw
21956,wdi-AG.LND.TOTL.RU.K2,0.208376809004944,ndgain-id_food_06-raw
21957,ndgain-id_infr_05-raw,0.0818025797337125,ndgain-id_food_06-raw
21958,ihme-exposure-to-mechanical-forces,0.1327264160424896,ndgain-id_food_06-raw
21959,paris-153,0.0630275945640748,ndgain-id_food_06-raw
24310,wdi2-NY.ADJ.NNTY.CD,0.0401381233085412,ndgain-id_habi_06-raw
24311,wdi2-SE.TER.CUAT.ST.MA.ZS,0.0499206090681053,ndgain-id_habi_06-raw
24312,wdi2-SP.POP.1014.FE.5Y,0.2596316794769644,ndgain-id_habi_06-raw
24313,wdi2-SH.DYN.AIDS.ZS,0.2054208876841888,ndgain-id_habi_06-raw
24314,wdi2-SE.XPD.TOTL.GB.ZS,0.0517405548470636,ndgain-id_habi_06-raw
24315,wdi-GB.XPD.RSDV.GD.ZS,0.0851944117263916,ndgain-id_habi_06-raw
24316,wdi2-NY.GDP.PCAP.CD,0.0640556133214555,ndgain-id_habi_06-raw
24317,wdi2-MS.MIL.XPND.CD,0.027273961194914,ndgain-id_habi_06-raw
24318,wdi2-SP.POP.4549.MA.5Y,0.1936411237488495,ndgain-id_habi_06-raw
24319,wdi-BN.TRF.CURR.CD,0.0229830356235256,ndgain-id_habi_06-raw
24520,wdi2-SP.POP.SCIE.RD.P6,0.0799083052549832,ndgain-id_soci_01-raw
24521,wdi2-SI.POV.MDIM.MA,0.1095174982629559,ndgain-id_soci_01-raw
24522,wdi2-SE.SEC.ENRL,0.2207152299449374,ndgain-id_soci_01-raw
24523,wdi-EN.CO2.BLDG.ZS,0.1095673286796441,ndgain-id_soci_01-raw
24524,hdr-183906,0.1003183990979355,ndgain-id_soci_01-raw
24525,key-wdi-EG.ELC.ACCS.ZS,0.0598085432621491,ndgain-id_soci_01-raw
24526,ndgain-id_infr_05-raw,0.1296033821934921,ndgain-id_soci_01-raw
24527,wdi2-SL.TLF.0714.WK.ZS,0.0291420368538817,ndgain-id_soci_01-raw
24528,ndgain-id_heal_03-raw,0.0208791709767694,ndgain-id_soci_01-raw
24529,ohi-spp-status,0.1405401054732511,ndgain-id_soci_01-raw
